year,cause,gender,age,people
1999,C18,1,0 to 4,9
1999,C18,1,15 to 19,4
1999,C18,1,20 to 24,16
1999,C18,1,25 to 29,33
1999,C18,1,30 to 34,77
1999,C18,1,35 to 39,169
1999,C18,1,40 to 44,343
1999,C18,1,45 to 49,675
1999,C18,1,50 to 54,1092
1999,C18,1,55 to 59,1525
1999,C18,1,60 to 64,2197
1999,C18,1,65 to 69,2831
1999,C18,1,70 to 74,3739
1999,C18,1,75 to 79,4139
1999,C18,1,80 to 84,3374
1999,C18,1,85 to 89,2192
1999,C18,1,90 to 94,964
1999,C18,1,95+,212
1999,C18,2,0 to 4,10
1999,C18,2,15 to 19,4
1999,C18,2,20 to 24,12
1999,C18,2,25 to 29,26
1999,C18,2,30 to 34,75
1999,C18,2,35 to 39,160
1999,C18,2,40 to 44,341
1999,C18,2,45 to 49,590
1999,C18,2,50 to 54,876
1999,C18,2,55 to 59,1136
1999,C18,2,60 to 64,1646
1999,C18,2,65 to 69,2252
1999,C18,2,70 to 74,3160
1999,C18,2,75 to 79,3989
1999,C18,2,80 to 84,4028
1999,C18,2,85 to 89,3665
1999,C18,2,90 to 94,2116
1999,C18,2,95+,743
2000,C18,1,0 to 4,9
2000,C18,1,15 to 19,7
2000,C18,1,20 to 24,12
2000,C18,1,25 to 29,23
2000,C18,1,30 to 34,91
2000,C18,1,35 to 39,195
2000,C18,1,40 to 44,380
2000,C18,1,45 to 49,665
2000,C18,1,50 to 54,1169
2000,C18,1,55 to 59,1559
2000,C18,1,60 to 64,2098
2000,C18,1,65 to 69,2759
2000,C18,1,70 to 74,3769
2000,C18,1,75 to 79,4117
2000,C18,1,80 to 84,3395
2000,C18,1,85 to 89,2244
2000,C18,1,90 to 94,886
2000,C18,1,95+,254
2000,C18,2,0 to 4,10
2000,C18,2,15 to 19,1
2000,C18,2,20 to 24,7
2000,C18,2,25 to 29,28
2000,C18,2,30 to 34,63
2000,C18,2,35 to 39,159
2000,C18,2,40 to 44,319
2000,C18,2,45 to 49,602
2000,C18,2,50 to 54,911
2000,C18,2,55 to 59,1154
2000,C18,2,60 to 64,1618
2000,C18,2,65 to 69,2142
2000,C18,2,70 to 74,3157
2000,C18,2,75 to 79,3915
2000,C18,2,80 to 84,4204
2000,C18,2,85 to 89,3669
2000,C18,2,90 to 94,2180
2000,C18,2,95+,796
2001,C18,1,0 to 4,10
2001,C18,1,20 to 24,12
2001,C18,1,25 to 29,25
2001,C18,1,30 to 34,93
2001,C18,1,35 to 39,208
2001,C18,1,40 to 44,361
2001,C18,1,45 to 49,730
2001,C18,1,50 to 54,1166
2001,C18,1,55 to 59,1680
2001,C18,1,60 to 64,2035
2001,C18,1,65 to 69,2842
2001,C18,1,70 to 74,3599
2001,C18,1,75 to 79,3862
2001,C18,1,80 to 84,3338
2001,C18,1,85 to 89,2183
2001,C18,1,90 to 94,914
2001,C18,1,95+,238
2001,C18,2,0 to 4,9
2001,C18,2,20 to 24,15
2001,C18,2,25 to 29,31
2001,C18,2,30 to 34,76
2001,C18,2,35 to 39,168
2001,C18,2,40 to 44,346
2001,C18,2,45 to 49,600
2001,C18,2,50 to 54,1002
2001,C18,2,55 to 59,1221
2001,C18,2,60 to 64,1567
2001,C18,2,65 to 69,2150
2001,C18,2,70 to 74,3038
2001,C18,2,75 to 79,3853
2001,C18,2,80 to 84,4050
2001,C18,2,85 to 89,3573
2001,C18,2,90 to 94,2111
2001,C18,2,95+,740
2002,C18,1,0 to 4,9
2002,C18,1,15 to 19,4
2002,C18,1,20 to 24,25
2002,C18,1,25 to 29,29
2002,C18,1,30 to 34,79
2002,C18,1,35 to 39,166
2002,C18,1,40 to 44,419
2002,C18,1,45 to 49,707
2002,C18,1,50 to 54,1242
2002,C18,1,55 to 59,1724
2002,C18,1,60 to 64,2221
2002,C18,1,65 to 69,2805
2002,C18,1,70 to 74,3464
2002,C18,1,75 to 79,3831
2002,C18,1,80 to 84,3413
2002,C18,1,85 to 89,2187
2002,C18,1,90 to 94,886
2002,C18,1,95+,266
2002,C18,1,Unspecified,1
2002,C18,2,0 to 4,9
2002,C18,2,20 to 24,12
2002,C18,2,25 to 29,28
2002,C18,2,30 to 34,65
2002,C18,2,35 to 39,148
2002,C18,2,40 to 44,332
2002,C18,2,45 to 49,625
2002,C18,2,50 to 54,987
2002,C18,2,55 to 59,1242
2002,C18,2,60 to 64,1548
2002,C18,2,65 to 69,2029
2002,C18,2,70 to 74,2855
2002,C18,2,75 to 79,3700
2002,C18,2,80 to 84,4148
2002,C18,2,85 to 89,3460
2002,C18,2,90 to 94,2109
2002,C18,2,95+,796
2003,C18,1,0 to 4,9
2003,C18,1,15 to 19,6
2003,C18,1,20 to 24,17
2003,C18,1,25 to 29,49
2003,C18,1,30 to 34,69
2003,C18,1,35 to 39,174
2003,C18,1,40 to 44,345
2003,C18,1,45 to 49,727
2003,C18,1,50 to 54,1196
2003,C18,1,55 to 59,1626
2003,C18,1,60 to 64,2137
2003,C18,1,65 to 69,2816
2003,C18,1,70 to 74,3271
2003,C18,1,75 to 79,3758
2003,C18,1,80 to 84,3465
2003,C18,1,85 to 89,2209
2003,C18,1,90 to 94,969
2003,C18,1,95+,233
2003,C18,1,Unspecified,1
2003,C18,2,0 to 4,9
2003,C18,2,15 to 19,2
2003,C18,2,20 to 24,10
2003,C18,2,25 to 29,30
2003,C18,2,30 to 34,72
2003,C18,2,35 to 39,177
2003,C18,2,40 to 44,292
2003,C18,2,45 to 49,596
2003,C18,2,50 to 54,935
2003,C18,2,55 to 59,1202
2003,C18,2,60 to 64,1631
2003,C18,2,65 to 69,2001
2003,C18,2,70 to 74,2748
2003,C18,2,75 to 79,3680
2003,C18,2,80 to 84,3990
2003,C18,2,85 to 89,3502
2003,C18,2,90 to 94,2135
2003,C18,2,95+,773
2004,C18,1,0 to 4,9
2004,C18,1,15 to 19,7
2004,C18,1,20 to 24,16
2004,C18,1,25 to 29,33
2004,C18,1,30 to 34,65
2004,C18,1,35 to 39,145
2004,C18,1,40 to 44,330
2004,C18,1,45 to 49,676
2004,C18,1,50 to 54,1184
2004,C18,1,55 to 59,1639
2004,C18,1,60 to 64,2049
2004,C18,1,65 to 69,2489
2004,C18,1,70 to 74,3049
2004,C18,1,75 to 79,3586
2004,C18,1,80 to 84,3289
2004,C18,1,85 to 89,2135
2004,C18,1,90 to 94,952
2004,C18,1,95+,229
2004,C18,2,0 to 4,10
2004,C18,2,20 to 24,11
2004,C18,2,25 to 29,23
2004,C18,2,30 to 34,66
2004,C18,2,35 to 39,151
2004,C18,2,40 to 44,308
2004,C18,2,45 to 49,540
2004,C18,2,50 to 54,860
2004,C18,2,55 to 59,1261
2004,C18,2,60 to 64,1531
2004,C18,2,65 to 69,1857
2004,C18,2,70 to 74,2532
2004,C18,2,75 to 79,3382
2004,C18,2,80 to 84,3991
2004,C18,2,85 to 89,3350
2004,C18,2,90 to 94,2054
2004,C18,2,95+,770
2005,C18,1,0 to 4,9
2005,C18,1,10 to 14,1
2005,C18,1,15 to 19,6
2005,C18,1,20 to 24,18
2005,C18,1,25 to 29,42
2005,C18,1,30 to 34,77
2005,C18,1,35 to 39,154
2005,C18,1,40 to 44,354
2005,C18,1,45 to 49,648
2005,C18,1,5 to 9,1
2005,C18,1,50 to 54,1139
2005,C18,1,55 to 59,1694
2005,C18,1,60 to 64,2045
2005,C18,1,65 to 69,2541
2005,C18,1,70 to 74,2921
2005,C18,1,75 to 79,3422
2005,C18,1,80 to 84,3296
2005,C18,1,85 to 89,2162
2005,C18,1,90 to 94,977
2005,C18,1,95+,264
2005,C18,1,Unspecified,2
2005,C18,2,0 to 4,9
2005,C18,2,20 to 24,8
2005,C18,2,25 to 29,27
2005,C18,2,30 to 34,81
2005,C18,2,35 to 39,122
2005,C18,2,40 to 44,333
2005,C18,2,45 to 49,576
2005,C18,2,50 to 54,907
2005,C18,2,55 to 59,1194
2005,C18,2,60 to 64,1485
2005,C18,2,65 to 69,1797
2005,C18,2,70 to 74,2405
2005,C18,2,75 to 79,3176
2005,C18,2,80 to 84,3905
2005,C18,2,85 to 89,3379
2005,C18,2,90 to 94,2033
2005,C18,2,95+,770
2007,C18,1,0 to 4,9
2007,C18,1,15 to 19,8
2007,C18,1,20 to 24,10
2007,C18,1,25 to 29,39
2007,C18,1,30 to 34,74
2007,C18,1,35 to 39,156
2007,C18,1,40 to 44,339
2007,C18,1,45 to 49,715
2007,C18,1,50 to 54,1245
2007,C18,1,55 to 59,1817
2007,C18,1,60 to 64,2278
2007,C18,1,65 to 69,2495
2007,C18,1,70 to 74,2867
2007,C18,1,75 to 79,3163
2007,C18,1,80 to 84,3239
2007,C18,1,85 to 89,2205
2007,C18,1,90 to 94,960
2007,C18,1,95+,228
2007,C18,2,0 to 4,9
2007,C18,2,20 to 24,4
2007,C18,2,25 to 29,29
2007,C18,2,30 to 34,65
2007,C18,2,35 to 39,130
2007,C18,2,40 to 44,312
2007,C18,2,45 to 49,637
2007,C18,2,50 to 54,1003
2007,C18,2,55 to 59,1338
2007,C18,2,60 to 64,1638
2007,C18,2,65 to 69,1892
2007,C18,2,70 to 74,2309
2007,C18,2,75 to 79,2958
2007,C18,2,80 to 84,3647
2007,C18,2,85 to 89,3437
2007,C18,2,90 to 94,1940
2007,C18,2,95+,772
2007,C18,2,Unspecified,1
1999,C34,1,0 to 4,6
1999,C34,1,10 to 14,1
1999,C34,1,15 to 19,5
1999,C34,1,20 to 24,8
1999,C34,1,25 to 29,23
1999,C34,1,30 to 34,72
1999,C34,1,35 to 39,323
1999,C34,1,40 to 44,1149
1999,C34,1,45 to 49,2344
1999,C34,1,50 to 54,4503
1999,C34,1,55 to 59,7459
1999,C34,1,60 to 64,10543
1999,C34,1,65 to 69,14173
1999,C34,1,70 to 74,17094
1999,C34,1,75 to 79,15453
1999,C34,1,80 to 84,9930
1999,C34,1,85 to 89,4736
1999,C34,1,90 to 94,1314
1999,C34,1,95+,262
1999,C34,1,Unspecified,2
1999,C34,2,0 to 4,6
1999,C34,2,15 to 19,1
1999,C34,2,20 to 24,6
1999,C34,2,25 to 29,19
1999,C34,2,30 to 34,62
1999,C34,2,35 to 39,343
1999,C34,2,40 to 44,902
1999,C34,2,45 to 49,1570
1999,C34,2,50 to 54,3011
1999,C34,2,55 to 59,4696
1999,C34,2,60 to 64,6625
1999,C34,2,65 to 69,9046
1999,C34,2,70 to 74,11498
1999,C34,2,75 to 79,11091
1999,C34,2,80 to 84,7767
1999,C34,2,85 to 89,4205
1999,C34,2,90 to 94,1449
1999,C34,2,95+,365
2000,C34,1,0 to 4,8
2000,C34,1,15 to 19,3
2000,C34,1,20 to 24,11
2000,C34,1,25 to 29,26
2000,C34,1,30 to 34,74
2000,C34,1,35 to 39,367
2000,C34,1,40 to 44,1166
2000,C34,1,45 to 49,2537
2000,C34,1,50 to 54,4579
2000,C34,1,55 to 59,7536
2000,C34,1,60 to 64,10388
2000,C34,1,65 to 69,14177
2000,C34,1,70 to 74,17184
2000,C34,1,75 to 79,15720
2000,C34,1,80 to 84,10233
2000,C34,1,85 to 89,4839
2000,C34,1,90 to 94,1335
2000,C34,1,95+,219
2000,C34,1,Unspecified,5
2000,C34,2,0 to 4,6
2000,C34,2,10 to 14,1
2000,C34,2,20 to 24,8
2000,C34,2,25 to 29,9
2000,C34,2,30 to 34,86
2000,C34,2,35 to 39,290
2000,C34,2,40 to 44,919
2000,C34,2,45 to 49,1678
2000,C34,2,50 to 54,3110
2000,C34,2,55 to 59,4905
2000,C34,2,60 to 64,6875
2000,C34,2,65 to 69,9245
2000,C34,2,70 to 74,11619
2000,C34,2,75 to 79,11571
2000,C34,2,80 to 84,8285
2000,C34,2,85 to 89,4459
2000,C34,2,90 to 94,1567
2000,C34,2,95+,382
2001,C34,1,0 to 4,9
2001,C34,1,15 to 19,2
2001,C34,1,20 to 24,10
2001,C34,1,25 to 29,17
2001,C34,1,30 to 34,60
2001,C34,1,35 to 39,313
2001,C34,1,40 to 44,1187
2001,C34,1,45 to 49,2482
2001,C34,1,5 to 9,1
2001,C34,1,50 to 54,4699
2001,C34,1,55 to 59,7515
2001,C34,1,60 to 64,10344
2001,C34,1,65 to 69,13788
2001,C34,1,70 to 74,16892
2001,C34,1,75 to 79,15956
2001,C34,1,80 to 84,10436
2001,C34,1,85 to 89,5023
2001,C34,1,90 to 94,1370
2001,C34,1,95+,259
2001,C34,1,Unspecified,4
2001,C34,2,0 to 4,6
2001,C34,2,10 to 14,1
2001,C34,2,15 to 19,4
2001,C34,2,20 to 24,4
2001,C34,2,25 to 29,19
2001,C34,2,30 to 34,61
2001,C34,2,35 to 39,323
2001,C34,2,40 to 44,963
2001,C34,2,45 to 49,1766
2001,C34,2,50 to 54,3081
2001,C34,2,55 to 59,5070
2001,C34,2,60 to 64,6829
2001,C34,2,65 to 69,9048
2001,C34,2,70 to 74,11470
2001,C34,2,75 to 79,11751
2001,C34,2,80 to 84,8534
2001,C34,2,85 to 89,4595
2001,C34,2,90 to 94,1693
2001,C34,2,95+,384
2002,C34,1,0 to 4,6
2002,C34,1,10 to 14,2
2002,C34,1,15 to 19,2
2002,C34,1,20 to 24,14
2002,C34,1,25 to 29,19
2002,C34,1,30 to 34,69
2002,C34,1,35 to 39,290
2002,C34,1,40 to 44,1094
2002,C34,1,45 to 49,2466
2002,C34,1,5 to 9,1
2002,C34,1,50 to 54,4714
2002,C34,1,55 to 59,7763
2002,C34,1,60 to 64,10638
2002,C34,1,65 to 69,13202
2002,C34,1,70 to 74,16329
2002,C34,1,75 to 79,15827
2002,C34,1,80 to 84,10982
2002,C34,1,85 to 89,5020
2002,C34,1,90 to 94,1437
2002,C34,1,95+,241
2002,C34,2,0 to 4,6
2002,C34,2,15 to 19,2
2002,C34,2,20 to 24,3
2002,C34,2,25 to 29,16
2002,C34,2,30 to 34,58
2002,C34,2,35 to 39,289
2002,C34,2,40 to 44,1017
2002,C34,2,45 to 49,1869
2002,C34,2,50 to 54,3079
2002,C34,2,55 to 59,5160
2002,C34,2,60 to 64,7104
2002,C34,2,65 to 69,9144
2002,C34,2,70 to 74,11562
2002,C34,2,75 to 79,12133
2002,C34,2,80 to 84,9121
2002,C34,2,85 to 89,4756
2002,C34,2,90 to 94,1772
2002,C34,2,95+,415
2003,C34,1,0 to 4,6
2003,C34,1,15 to 19,4
2003,C34,1,20 to 24,10
2003,C34,1,25 to 29,9
2003,C34,1,30 to 34,69
2003,C34,1,35 to 39,258
2003,C34,1,40 to 44,1077
2003,C34,1,45 to 49,2655
2003,C34,1,50 to 54,4650
2003,C34,1,55 to 59,7753
2003,C34,1,60 to 64,10579
2003,C34,1,65 to 69,13208
2003,C34,1,70 to 74,15710
2003,C34,1,75 to 79,15927
2003,C34,1,80 to 84,11122
2003,C34,1,85 to 89,5098
2003,C34,1,90 to 94,1484
2003,C34,1,95+,281
2003,C34,1,Unspecified,2
2003,C34,2,0 to 4,6
2003,C34,2,10 to 14,1
2003,C34,2,15 to 19,3
2003,C34,2,20 to 24,7
2003,C34,2,25 to 29,20
2003,C34,2,30 to 34,56
2003,C34,2,35 to 39,260
2003,C34,2,40 to 44,865
2003,C34,2,45 to 49,1956
2003,C34,2,50 to 54,3102
2003,C34,2,55 to 59,5160
2003,C34,2,60 to 64,7442
2003,C34,2,65 to 69,9193
2003,C34,2,70 to 74,11251
2003,C34,2,75 to 79,12092
2003,C34,2,80 to 84,9450
2003,C34,2,85 to 89,4973
2003,C34,2,90 to 94,1832
2003,C34,2,95+,412
2004,C34,1,0 to 4,7
2004,C34,1,10 to 14,2
2004,C34,1,15 to 19,4
2004,C34,1,20 to 24,10
2004,C34,1,25 to 29,29
2004,C34,1,30 to 34,56
2004,C34,1,35 to 39,234
2004,C34,1,40 to 44,1043
2004,C34,1,45 to 49,2565
2004,C34,1,5 to 9,1
2004,C34,1,50 to 54,4746
2004,C34,1,55 to 59,7659
2004,C34,1,60 to 64,10774
2004,C34,1,65 to 69,13235
2004,C34,1,70 to 74,15201
2004,C34,1,75 to 79,15747
2004,C34,1,80 to 84,11230
2004,C34,1,85 to 89,5240
2004,C34,1,90 to 94,1535
2004,C34,1,95+,256
2004,C34,1,Unspecified,3
2004,C34,2,0 to 4,9
2004,C34,2,10 to 14,1
2004,C34,2,15 to 19,2
2004,C34,2,20 to 24,7
2004,C34,2,25 to 29,13
2004,C34,2,30 to 34,46
2004,C34,2,35 to 39,232
2004,C34,2,40 to 44,912
2004,C34,2,45 to 49,1988
2004,C34,2,50 to 54,3130
2004,C34,2,55 to 59,5178
2004,C34,2,60 to 64,7460
2004,C34,2,65 to 69,9308
2004,C34,2,70 to 74,11263
2004,C34,2,75 to 79,11851
2004,C34,2,80 to 84,9612
2004,C34,2,85 to 89,5075
2004,C34,2,90 to 94,1880
2004,C34,2,95+,455
2005,C34,1,0 to 4,8
2005,C34,1,15 to 19,4
2005,C34,1,20 to 24,5
2005,C34,1,25 to 29,18
2005,C34,1,30 to 34,58
2005,C34,1,35 to 39,233
2005,C34,1,40 to 44,961
2005,C34,1,45 to 49,2531
2005,C34,1,50 to 54,4778
2005,C34,1,55 to 59,7662
2005,C34,1,60 to 64,10994
2005,C34,1,65 to 69,13000
2005,C34,1,70 to 74,15192
2005,C34,1,75 to 79,15505
2005,C34,1,80 to 84,11680
2005,C34,1,85 to 89,5552
2005,C34,1,90 to 94,1658
2005,C34,1,95+,295
2005,C34,1,Unspecified,2
2005,C34,2,0 to 4,8
2005,C34,2,25 to 29,20
2005,C34,2,30 to 34,36
2005,C34,2,35 to 39,206
2005,C34,2,40 to 44,919
2005,C34,2,45 to 49,2055
2005,C34,2,50 to 54,3234
2005,C34,2,55 to 59,5137
2005,C34,2,60 to 64,7557
2005,C34,2,65 to 69,9147
2005,C34,2,70 to 74,11030
2005,C34,2,75 to 79,12077
2005,C34,2,80 to 84,9750
2005,C34,2,85 to 89,5447
2005,C34,2,90 to 94,1989
2005,C34,2,95+,461
2005,C34,2,Unspecified,1
2007,C34,1,0 to 4,7
2007,C34,1,10 to 14,3
2007,C34,1,15 to 19,5
2007,C34,1,20 to 24,12
2007,C34,1,25 to 29,25
2007,C34,1,30 to 34,54
2007,C34,1,35 to 39,176
2007,C34,1,40 to 44,732
2007,C34,1,45 to 49,2293
2007,C34,1,5 to 9,1
2007,C34,1,50 to 54,4635
2007,C34,1,55 to 59,7508
2007,C34,1,60 to 64,10804
2007,C34,1,65 to 69,13322
2007,C34,1,70 to 74,14234
2007,C34,1,75 to 79,14765
2007,C34,1,80 to 84,11703
2007,C34,1,85 to 89,6005
2007,C34,1,90 to 94,1734
2007,C34,1,95+,309
2007,C34,1,Unspecified,2
2007,C34,2,0 to 4,7
2007,C34,2,20 to 24,7
2007,C34,2,25 to 29,14
2007,C34,2,30 to 34,41
2007,C34,2,35 to 39,172
2007,C34,2,40 to 44,764
2007,C34,2,45 to 49,2053
2007,C34,2,50 to 54,3480
2007,C34,2,55 to 59,5111
2007,C34,2,60 to 64,7775
2007,C34,2,65 to 69,9631
2007,C34,2,70 to 74,10948
2007,C34,2,75 to 79,11832
2007,C34,2,80 to 84,10043
2007,C34,2,85 to 89,5796
2007,C34,2,90 to 94,2144
2007,C34,2,95+,536
2007,C34,2,Unspecified,1
1999,E14,1,0 to 4,10
1999,E14,1,10 to 14,8
1999,E14,1,15 to 19,19
1999,E14,1,20 to 24,44
1999,E14,1,25 to 29,56
1999,E14,1,30 to 34,166
1999,E14,1,35 to 39,299
1999,E14,1,40 to 44,514
1999,E14,1,45 to 49,885
1999,E14,1,5 to 9,4
1999,E14,1,50 to 54,1205
1999,E14,1,55 to 59,1570
1999,E14,1,60 to 64,2069
1999,E14,1,65 to 69,2738
1999,E14,1,70 to 74,3447
1999,E14,1,75 to 79,3794
1999,E14,1,80 to 84,3149
1999,E14,1,85 to 89,1946
1999,E14,1,90 to 94,764
1999,E14,1,95+,152
1999,E14,1,Unspecified,1
1999,E14,2,0 to 4,11
1999,E14,2,10 to 14,5
1999,E14,2,15 to 19,17
1999,E14,2,20 to 24,30
1999,E14,2,25 to 29,53
1999,E14,2,30 to 34,127
1999,E14,2,35 to 39,202
1999,E14,2,40 to 44,372
1999,E14,2,45 to 49,552
1999,E14,2,5 to 9,3
1999,E14,2,50 to 54,885
1999,E14,2,55 to 59,1312
1999,E14,2,60 to 64,1879
1999,E14,2,65 to 69,2671
1999,E14,2,70 to 74,3712
1999,E14,2,75 to 79,4422
1999,E14,2,80 to 84,4372
1999,E14,2,85 to 89,3513
1999,E14,2,90 to 94,2041
1999,E14,2,95+,753
2000,E14,1,0 to 4,13
2000,E14,1,10 to 14,7
2000,E14,1,15 to 19,25
2000,E14,1,20 to 24,46
2000,E14,1,25 to 29,85
2000,E14,1,30 to 34,176
2000,E14,1,35 to 39,282
2000,E14,1,40 to 44,570
2000,E14,1,45 to 49,829
2000,E14,1,5 to 9,3
2000,E14,1,50 to 54,1279
2000,E14,1,55 to 59,1624
2000,E14,1,60 to 64,2058
2000,E14,1,65 to 69,2702
2000,E14,1,70 to 74,3486
2000,E14,1,75 to 79,3888
2000,E14,1,80 to 84,3131
2000,E14,1,85 to 89,2002
2000,E14,1,90 to 94,792
2000,E14,1,95+,185
2000,E14,2,0 to 4,10
2000,E14,2,10 to 14,4
2000,E14,2,15 to 19,11
2000,E14,2,20 to 24,40
2000,E14,2,25 to 29,52
2000,E14,2,30 to 34,108
2000,E14,2,35 to 39,195
2000,E14,2,40 to 44,362
2000,E14,2,45 to 49,586
2000,E14,2,5 to 9,2
2000,E14,2,50 to 54,976
2000,E14,2,55 to 59,1362
2000,E14,2,60 to 64,1738
2000,E14,2,65 to 69,2591
2000,E14,2,70 to 74,3626
2000,E14,2,75 to 79,4528
2000,E14,2,80 to 84,4280
2000,E14,2,85 to 89,3641
2000,E14,2,90 to 94,2069
2000,E14,2,95+,799
2001,E14,1,0 to 4,10
2001,E14,1,10 to 14,17
2001,E14,1,15 to 19,21
2001,E14,1,20 to 24,42
2001,E14,1,25 to 29,81
2001,E14,1,30 to 34,165
2001,E14,1,35 to 39,324
2001,E14,1,40 to 44,542
2001,E14,1,45 to 49,933
2001,E14,1,5 to 9,2
2001,E14,1,50 to 54,1462
2001,E14,1,55 to 59,1812
2001,E14,1,60 to 64,2147
2001,E14,1,65 to 69,2807
2001,E14,1,70 to 74,3431
2001,E14,1,75 to 79,3800
2001,E14,1,80 to 84,3350
2001,E14,1,85 to 89,2029
2001,E14,1,90 to 94,818
2001,E14,1,95+,211
2001,E14,1,Unspecified,1
2001,E14,2,0 to 4,12
2001,E14,2,10 to 14,9
2001,E14,2,15 to 19,17
2001,E14,2,20 to 24,25
2001,E14,2,25 to 29,59
2001,E14,2,30 to 34,102
2001,E14,2,35 to 39,220
2001,E14,2,40 to 44,351
2001,E14,2,45 to 49,593
2001,E14,2,5 to 9,2
2001,E14,2,50 to 54,990
2001,E14,2,55 to 59,1359
2001,E14,2,60 to 64,1906
2001,E14,2,65 to 69,2525
2001,E14,2,70 to 74,3505
2001,E14,2,75 to 79,4423
2001,E14,2,80 to 84,4608
2001,E14,2,85 to 89,3729
2001,E14,2,90 to 94,2111
2001,E14,2,95+,854
2002,E14,1,0 to 4,12
2002,E14,1,10 to 14,9
2002,E14,1,15 to 19,24
2002,E14,1,20 to 24,51
2002,E14,1,25 to 29,92
2002,E14,1,30 to 34,175
2002,E14,1,35 to 39,333
2002,E14,1,40 to 44,640
2002,E14,1,45 to 49,941
2002,E14,1,5 to 9,2
2002,E14,1,50 to 54,1494
2002,E14,1,55 to 59,1969
2002,E14,1,60 to 64,2314
2002,E14,1,65 to 69,2707
2002,E14,1,70 to 74,3407
2002,E14,1,75 to 79,3843
2002,E14,1,80 to 84,3413
2002,E14,1,85 to 89,2199
2002,E14,1,90 to 94,837
2002,E14,1,95+,239
2002,E14,2,0 to 4,10
2002,E14,2,10 to 14,9
2002,E14,2,15 to 19,20
2002,E14,2,20 to 24,34
2002,E14,2,25 to 29,70
2002,E14,2,30 to 34,95
2002,E14,2,35 to 39,212
2002,E14,2,40 to 44,354
2002,E14,2,45 to 49,649
2002,E14,2,5 to 9,1
2002,E14,2,50 to 54,1023
2002,E14,2,55 to 59,1382
2002,E14,2,60 to 64,1800
2002,E14,2,65 to 69,2582
2002,E14,2,70 to 74,3454
2002,E14,2,75 to 79,4473
2002,E14,2,80 to 84,4622
2002,E14,2,85 to 89,3755
2002,E14,2,90 to 94,2125
2002,E14,2,95+,836
2003,E14,1,0 to 4,13
2003,E14,1,10 to 14,9
2003,E14,1,15 to 19,21
2003,E14,1,20 to 24,48
2003,E14,1,25 to 29,94
2003,E14,1,30 to 34,197
2003,E14,1,35 to 39,309
2003,E14,1,40 to 44,612
2003,E14,1,45 to 49,1023
2003,E14,1,5 to 9,1
2003,E14,1,50 to 54,1481
2003,E14,1,55 to 59,2020
2003,E14,1,60 to 64,2508
2003,E14,1,65 to 69,2906
2003,E14,1,70 to 74,3448
2003,E14,1,75 to 79,3908
2003,E14,1,80 to 84,3634
2003,E14,1,85 to 89,2251
2003,E14,1,90 to 94,900
2003,E14,1,95+,230
2003,E14,1,Unspecified,3
2003,E14,2,0 to 4,15
2003,E14,2,10 to 14,10
2003,E14,2,15 to 19,11
2003,E14,2,20 to 24,32
2003,E14,2,25 to 29,81
2003,E14,2,30 to 34,110
2003,E14,2,35 to 39,215
2003,E14,2,40 to 44,340
2003,E14,2,45 to 49,652
2003,E14,2,5 to 9,1
2003,E14,2,50 to 54,1057
2003,E14,2,55 to 59,1538
2003,E14,2,60 to 64,1885
2003,E14,2,65 to 69,2472
2003,E14,2,70 to 74,3293
2003,E14,2,75 to 79,4257
2003,E14,2,80 to 84,4587
2003,E14,2,85 to 89,3757
2003,E14,2,90 to 94,2186
2003,E14,2,95+,893
2004,E14,1,0 to 4,14
2004,E14,1,10 to 14,10
2004,E14,1,15 to 19,24
2004,E14,1,20 to 24,38
2004,E14,1,25 to 29,77
2004,E14,1,30 to 34,168
2004,E14,1,35 to 39,321
2004,E14,1,40 to 44,597
2004,E14,1,45 to 49,1033
2004,E14,1,5 to 9,1
2004,E14,1,50 to 54,1509
2004,E14,1,55 to 59,2069
2004,E14,1,60 to 64,2479
2004,E14,1,65 to 69,2818
2004,E14,1,70 to 74,3324
2004,E14,1,75 to 79,3812
2004,E14,1,80 to 84,3645
2004,E14,1,85 to 89,2249
2004,E14,1,90 to 94,926
2004,E14,1,95+,212
2004,E14,1,Unspecified,1
2004,E14,2,0 to 4,14
2004,E14,2,10 to 14,11
2004,E14,2,15 to 19,10
2004,E14,2,20 to 24,44
2004,E14,2,25 to 29,47
2004,E14,2,30 to 34,129
2004,E14,2,35 to 39,176
2004,E14,2,40 to 44,364
2004,E14,2,45 to 49,640
2004,E14,2,50 to 54,974
2004,E14,2,55 to 59,1519
2004,E14,2,60 to 64,1861
2004,E14,2,65 to 69,2350
2004,E14,2,70 to 74,3097
2004,E14,2,75 to 79,4028
2004,E14,2,80 to 84,4574
2004,E14,2,85 to 89,3678
2004,E14,2,90 to 94,2177
2004,E14,2,95+,841
2004,E14,2,Unspecified,2
2005,E14,1,0 to 4,14
2005,E14,1,10 to 14,9
2005,E14,1,15 to 19,35
2005,E14,1,20 to 24,53
2005,E14,1,25 to 29,84
2005,E14,1,30 to 34,194
2005,E14,1,35 to 39,350
2005,E14,1,40 to 44,597
2005,E14,1,45 to 49,1073
2005,E14,1,50 to 54,1513
2005,E14,1,55 to 59,2305
2005,E14,1,60 to 64,2586
2005,E14,1,65 to 69,2800
2005,E14,1,70 to 74,3310
2005,E14,1,75 to 79,3812
2005,E14,1,80 to 84,3641
2005,E14,1,85 to 89,2456
2005,E14,1,90 to 94,1042
2005,E14,1,95+,235
2005,E14,2,0 to 4,13
2005,E14,2,10 to 14,13
2005,E14,2,15 to 19,17
2005,E14,2,20 to 24,38
2005,E14,2,25 to 29,52
2005,E14,2,30 to 34,108
2005,E14,2,35 to 39,192
2005,E14,2,40 to 44,340
2005,E14,2,45 to 49,613
2005,E14,2,5 to 9,2
2005,E14,2,50 to 54,1032
2005,E14,2,55 to 59,1508
2005,E14,2,60 to 64,1895
2005,E14,2,65 to 69,2409
2005,E14,2,70 to 74,3000
2005,E14,2,75 to 79,3976
2005,E14,2,80 to 84,4590
2005,E14,2,85 to 89,3872
2005,E14,2,90 to 94,2319
2005,E14,2,95+,892
2007,E14,1,0 to 4,14
2007,E14,1,10 to 14,5
2007,E14,1,15 to 19,23
2007,E14,1,20 to 24,48
2007,E14,1,25 to 29,90
2007,E14,1,30 to 34,175
2007,E14,1,35 to 39,358
2007,E14,1,40 to 44,567
2007,E14,1,45 to 49,1016
2007,E14,1,5 to 9,4
2007,E14,1,50 to 54,1598
2007,E14,1,55 to 59,2188
2007,E14,1,60 to 64,2626
2007,E14,1,65 to 69,2792
2007,E14,1,70 to 74,3088
2007,E14,1,75 to 79,3363
2007,E14,1,80 to 84,3437
2007,E14,1,85 to 89,2429
2007,E14,1,90 to 94,1006
2007,E14,1,95+,242
2007,E14,1,Unspecified,2
2007,E14,2,0 to 4,12
2007,E14,2,10 to 14,6
2007,E14,2,15 to 19,17
2007,E14,2,20 to 24,35
2007,E14,2,25 to 29,62
2007,E14,2,30 to 34,102
2007,E14,2,35 to 39,191
2007,E14,2,40 to 44,358
2007,E14,2,45 to 49,565
2007,E14,2,5 to 9,2
2007,E14,2,50 to 54,1027
2007,E14,2,55 to 59,1415
2007,E14,2,60 to 64,1856
2007,E14,2,65 to 69,2074
2007,E14,2,70 to 74,2722
2007,E14,2,75 to 79,3550
2007,E14,2,80 to 84,4125
2007,E14,2,85 to 89,3664
2007,E14,2,90 to 94,2037
2007,E14,2,95+,772
1999,G30,1,0 to 4,4
1999,G30,1,40 to 44,3
1999,G30,1,45 to 49,10
1999,G30,1,50 to 54,18
1999,G30,1,55 to 59,66
1999,G30,1,60 to 64,152
1999,G30,1,65 to 69,389
1999,G30,1,70 to 74,1048
1999,G30,1,75 to 79,2332
1999,G30,1,80 to 84,3570
1999,G30,1,85 to 89,3382
1999,G30,1,90 to 94,1861
1999,G30,1,95+,553
1999,G30,2,0 to 4,4
1999,G30,2,40 to 44,3
1999,G30,2,45 to 49,10
1999,G30,2,50 to 54,22
1999,G30,2,55 to 59,57
1999,G30,2,60 to 64,163
1999,G30,2,65 to 69,441
1999,G30,2,70 to 74,1326
1999,G30,2,75 to 79,3436
1999,G30,2,80 to 84,6495
1999,G30,2,85 to 89,8480
1999,G30,2,90 to 94,7180
1999,G30,2,95+,3524
2000,G30,1,0 to 4,4
2000,G30,1,35 to 39,1
2000,G30,1,40 to 44,3
2000,G30,1,45 to 49,10
2000,G30,1,50 to 54,23
2000,G30,1,55 to 59,60
2000,G30,1,60 to 64,150
2000,G30,1,65 to 69,420
2000,G30,1,70 to 74,1134
2000,G30,1,75 to 79,2432
2000,G30,1,80 to 84,3795
2000,G30,1,85 to 89,3686
2000,G30,1,90 to 94,2101
2000,G30,1,95+,618
2000,G30,1,Unspecified,1
2000,G30,2,0 to 4,4
2000,G30,2,35 to 39,1
2000,G30,2,40 to 44,1
2000,G30,2,45 to 49,7
2000,G30,2,50 to 54,22
2000,G30,2,55 to 59,82
2000,G30,2,60 to 64,199
2000,G30,2,65 to 69,447
2000,G30,2,70 to 74,1429
2000,G30,2,75 to 79,3884
2000,G30,2,80 to 84,7139
2000,G30,2,85 to 89,9650
2000,G30,2,90 to 94,8156
2000,G30,2,95+,4097
2000,G30,2,Unspecified,1
2001,G30,1,0 to 4,4
2001,G30,1,35 to 39,1
2001,G30,1,40 to 44,2
2001,G30,1,45 to 49,11
2001,G30,1,50 to 54,26
2001,G30,1,55 to 59,60
2001,G30,1,60 to 64,167
2001,G30,1,65 to 69,397
2001,G30,1,70 to 74,1075
2001,G30,1,75 to 79,2616
2001,G30,1,80 to 84,4179
2001,G30,1,85 to 89,4223
2001,G30,1,90 to 94,2312
2001,G30,1,95+,687
2001,G30,2,0 to 4,4
2001,G30,2,50 to 54,27
2001,G30,2,55 to 59,103
2001,G30,2,60 to 64,197
2001,G30,2,65 to 69,460
2001,G30,2,70 to 74,1489
2001,G30,2,75 to 79,3952
2001,G30,2,80 to 84,7795
2001,G30,2,85 to 89,10618
2001,G30,2,90 to 94,8856
2001,G30,2,95+,4583
2002,G30,1,0 to 4,4
2002,G30,1,35 to 39,3
2002,G30,1,40 to 44,5
2002,G30,1,45 to 49,4
2002,G30,1,50 to 54,22
2002,G30,1,55 to 59,54
2002,G30,1,60 to 64,173
2002,G30,1,65 to 69,408
2002,G30,1,70 to 74,1139
2002,G30,1,75 to 79,2793
2002,G30,1,80 to 84,4434
2002,G30,1,85 to 89,4568
2002,G30,1,90 to 94,2570
2002,G30,1,95+,811
2002,G30,2,0 to 4,4
2002,G30,2,45 to 49,7
2002,G30,2,50 to 54,18
2002,G30,2,55 to 59,80
2002,G30,2,60 to 64,202
2002,G30,2,65 to 69,531
2002,G30,2,70 to 74,1524
2002,G30,2,75 to 79,4283
2002,G30,2,80 to 84,8623
2002,G30,2,85 to 89,11698
2002,G30,2,90 to 94,9697
2002,G30,2,95+,5207
2003,G30,1,0 to 4,3
2003,G30,1,40 to 44,3
2003,G30,1,45 to 49,9
2003,G30,1,50 to 54,25
2003,G30,1,55 to 59,75
2003,G30,1,60 to 64,167
2003,G30,1,65 to 69,456
2003,G30,1,70 to 74,1227
2003,G30,1,75 to 79,2855
2003,G30,1,80 to 84,4751
2003,G30,1,85 to 89,4916
2003,G30,1,90 to 94,2933
2003,G30,1,95+,915
2003,G30,2,0 to 4,4
2003,G30,2,40 to 44,5
2003,G30,2,45 to 49,12
2003,G30,2,50 to 54,32
2003,G30,2,55 to 59,74
2003,G30,2,60 to 64,235
2003,G30,2,65 to 69,521
2003,G30,2,70 to 74,1629
2003,G30,2,75 to 79,4493
2003,G30,2,80 to 84,9058
2003,G30,2,85 to 89,12452
2003,G30,2,90 to 94,10841
2003,G30,2,95+,5764
2004,G30,1,0 to 4,4
2004,G30,1,35 to 39,1
2004,G30,1,40 to 44,3
2004,G30,1,45 to 49,8
2004,G30,1,50 to 54,29
2004,G30,1,55 to 59,66
2004,G30,1,60 to 64,187
2004,G30,1,65 to 69,434
2004,G30,1,70 to 74,1124
2004,G30,1,75 to 79,2767
2004,G30,1,80 to 84,5009
2004,G30,1,85 to 89,5281
2004,G30,1,90 to 94,3087
2004,G30,1,95+,974
2004,G30,2,0 to 4,4
2004,G30,2,40 to 44,3
2004,G30,2,45 to 49,27
2004,G30,2,50 to 54,34
2004,G30,2,55 to 59,86
2004,G30,2,60 to 64,203
2004,G30,2,65 to 69,569
2004,G30,2,70 to 74,1513
2004,G30,2,75 to 79,4601
2004,G30,2,80 to 84,9504
2004,G30,2,85 to 89,13045
2004,G30,2,90 to 94,11418
2004,G30,2,95+,5984
2005,G30,1,0 to 4,4
2005,G30,1,40 to 44,5
2005,G30,1,45 to 49,7
2005,G30,1,50 to 54,22
2005,G30,1,55 to 59,87
2005,G30,1,60 to 64,198
2005,G30,1,65 to 69,453
2005,G30,1,70 to 74,1195
2005,G30,1,75 to 79,2988
2005,G30,1,80 to 84,5337
2005,G30,1,85 to 89,5778
2005,G30,1,90 to 94,3431
2005,G30,1,95+,1053
2005,G30,2,0 to 4,4
2005,G30,2,35 to 39,2
2005,G30,2,40 to 44,2
2005,G30,2,45 to 49,12
2005,G30,2,50 to 54,38
2005,G30,2,55 to 59,105
2005,G30,2,60 to 64,253
2005,G30,2,65 to 69,530
2005,G30,2,70 to 74,1635
2005,G30,2,75 to 79,4605
2005,G30,2,80 to 84,10206
2005,G30,2,85 to 89,14092
2005,G30,2,90 to 94,12627
2005,G30,2,95+,6925
2005,G30,2,Unspecified,1
2007,G30,1,0 to 4,4
2007,G30,1,40 to 44,2
2007,G30,1,45 to 49,11
2007,G30,1,50 to 54,30
2007,G30,1,55 to 59,108
2007,G30,1,60 to 64,222
2007,G30,1,65 to 69,473
2007,G30,1,70 to 74,1221
2007,G30,1,75 to 79,2949
2007,G30,1,80 to 84,5299
2007,G30,1,85 to 89,6324
2007,G30,1,90 to 94,3920
2007,G30,1,95+,1235
2007,G30,1,Unspecified,1
2007,G30,2,0 to 4,4
2007,G30,2,35 to 39,2
2007,G30,2,40 to 44,3
2007,G30,2,45 to 49,20
2007,G30,2,50 to 54,32
2007,G30,2,55 to 59,120
2007,G30,2,60 to 64,273
2007,G30,2,65 to 69,601
2007,G30,2,70 to 74,1689
2007,G30,2,75 to 79,4626
2007,G30,2,80 to 84,10133
2007,G30,2,85 to 89,14787
2007,G30,2,90 to 94,13155
2007,G30,2,95+,7383
2007,G30,2,Unspecified,2
1999,I21,1,0 to 4,12
1999,I21,1,10 to 14,4
1999,I21,1,15 to 19,16
1999,I21,1,20 to 24,24
1999,I21,1,25 to 29,67
1999,I21,1,30 to 34,236
1999,I21,1,35 to 39,707
1999,I21,1,40 to 44,1762
1999,I21,1,45 to 49,3258
1999,I21,1,5 to 9,3
1999,I21,1,50 to 54,5039
1999,I21,1,55 to 59,6654
1999,I21,1,60 to 64,8373
1999,I21,1,65 to 69,11154
1999,I21,1,70 to 74,14554
1999,I21,1,75 to 79,16991
1999,I21,1,80 to 84,15952
1999,I21,1,85 to 89,12065
1999,I21,1,90 to 94,5566
1999,I21,1,95+,1725
1999,I21,1,Unspecified,2
1999,I21,2,0 to 4,13
1999,I21,2,10 to 14,2
1999,I21,2,15 to 19,9
1999,I21,2,20 to 24,11
1999,I21,2,25 to 29,33
1999,I21,2,30 to 34,95
1999,I21,2,35 to 39,227
1999,I21,2,40 to 44,550
1999,I21,2,45 to 49,964
1999,I21,2,5 to 9,2
1999,I21,2,50 to 54,1559
1999,I21,2,55 to 59,2469
1999,I21,2,60 to 64,3907
1999,I21,2,65 to 69,6179
1999,I21,2,70 to 74,9552
1999,I21,2,75 to 79,14059
1999,I21,2,80 to 84,17704
1999,I21,2,85 to 89,18645
1999,I21,2,90 to 94,12906
1999,I21,2,95+,6389
1999,I21,2,Unspecified,5
2000,I21,1,0 to 4,15
2000,I21,1,10 to 14,1
2000,I21,1,15 to 19,8
2000,I21,1,20 to 24,22
2000,I21,1,25 to 29,74
2000,I21,1,30 to 34,194
2000,I21,1,35 to 39,657
2000,I21,1,40 to 44,1727
2000,I21,1,45 to 49,3319
2000,I21,1,5 to 9,3
2000,I21,1,50 to 54,4946
2000,I21,1,55 to 59,6490
2000,I21,1,60 to 64,8148
2000,I21,1,65 to 69,10176
2000,I21,1,70 to 74,13646
2000,I21,1,75 to 79,16295
2000,I21,1,80 to 84,15336
2000,I21,1,85 to 89,11765
2000,I21,1,90 to 94,5701
2000,I21,1,95+,1777
2000,I21,1,Unspecified,5
2000,I21,2,0 to 4,15
2000,I21,2,15 to 19,6
2000,I21,2,20 to 24,16
2000,I21,2,25 to 29,33
2000,I21,2,30 to 34,73
2000,I21,2,35 to 39,246
2000,I21,2,40 to 44,498
2000,I21,2,45 to 49,911
2000,I21,2,5 to 9,2
2000,I21,2,50 to 54,1700
2000,I21,2,55 to 59,2539
2000,I21,2,60 to 64,3834
2000,I21,2,65 to 69,5721
2000,I21,2,70 to 74,8915
2000,I21,2,75 to 79,13762
2000,I21,2,80 to 84,16815
2000,I21,2,85 to 89,18156
2000,I21,2,90 to 94,12999
2000,I21,2,95+,6345
2000,I21,2,Unspecified,3
2001,I21,1,0 to 4,17
2001,I21,1,10 to 14,4
2001,I21,1,15 to 19,14
2001,I21,1,20 to 24,33
2001,I21,1,25 to 29,69
2001,I21,1,30 to 34,264
2001,I21,1,35 to 39,690
2001,I21,1,40 to 44,1692
2001,I21,1,45 to 49,3143
2001,I21,1,50 to 54,5012
2001,I21,1,55 to 59,6271
2001,I21,1,60 to 64,7587
2001,I21,1,65 to 69,9446
2001,I21,1,70 to 74,12517
2001,I21,1,75 to 79,15151
2001,I21,1,80 to 84,14974
2001,I21,1,85 to 89,11411
2001,I21,1,90 to 94,5778
2001,I21,1,95+,1795
2001,I21,1,Unspecified,6
2001,I21,2,0 to 4,10
2001,I21,2,10 to 14,2
2001,I21,2,15 to 19,1
2001,I21,2,20 to 24,15
2001,I21,2,25 to 29,36
2001,I21,2,30 to 34,105
2001,I21,2,35 to 39,232
2001,I21,2,40 to 44,559
2001,I21,2,45 to 49,948
2001,I21,2,5 to 9,1
2001,I21,2,50 to 54,1708
2001,I21,2,55 to 59,2433
2001,I21,2,60 to 64,3539
2001,I21,2,65 to 69,5244
2001,I21,2,70 to 74,8173
2001,I21,2,75 to 79,12615
2001,I21,2,80 to 84,16513
2001,I21,2,85 to 89,17831
2001,I21,2,90 to 94,12747
2001,I21,2,95+,6165
2001,I21,2,Unspecified,4
2002,I21,1,0 to 4,14
2002,I21,1,10 to 14,2
2002,I21,1,15 to 19,10
2002,I21,1,20 to 24,31
2002,I21,1,25 to 29,67
2002,I21,1,30 to 34,225
2002,I21,1,35 to 39,654
2002,I21,1,40 to 44,1689
2002,I21,1,45 to 49,3066
2002,I21,1,50 to 54,4929
2002,I21,1,55 to 59,6287
2002,I21,1,60 to 64,7679
2002,I21,1,65 to 69,9211
2002,I21,1,70 to 74,12050
2002,I21,1,75 to 79,14314
2002,I21,1,80 to 84,14603
2002,I21,1,85 to 89,11478
2002,I21,1,90 to 94,5740
2002,I21,1,95+,1772
2002,I21,1,Unspecified,4
2002,I21,2,0 to 4,12
2002,I21,2,10 to 14,3
2002,I21,2,15 to 19,5
2002,I21,2,20 to 24,16
2002,I21,2,25 to 29,24
2002,I21,2,30 to 34,84
2002,I21,2,35 to 39,226
2002,I21,2,40 to 44,585
2002,I21,2,45 to 49,987
2002,I21,2,5 to 9,2
2002,I21,2,50 to 54,1634
2002,I21,2,55 to 59,2470
2002,I21,2,60 to 64,3496
2002,I21,2,65 to 69,5014
2002,I21,2,70 to 74,7723
2002,I21,2,75 to 79,11838
2002,I21,2,80 to 84,15833
2002,I21,2,85 to 89,16945
2002,I21,2,90 to 94,12610
2002,I21,2,95+,6171
2002,I21,2,Unspecified,1
2003,I21,1,0 to 4,11
2003,I21,1,10 to 14,4
2003,I21,1,15 to 19,11
2003,I21,1,20 to 24,35
2003,I21,1,25 to 29,75
2003,I21,1,30 to 34,223
2003,I21,1,35 to 39,662
2003,I21,1,40 to 44,1637
2003,I21,1,45 to 49,3130
2003,I21,1,5 to 9,2
2003,I21,1,50 to 54,4850
2003,I21,1,55 to 59,6386
2003,I21,1,60 to 64,7583
2003,I21,1,65 to 69,8531
2003,I21,1,70 to 74,10758
2003,I21,1,75 to 79,13324
2003,I21,1,80 to 84,14026
2003,I21,1,85 to 89,10866
2003,I21,1,90 to 94,5704
2003,I21,1,95+,1686
2003,I21,1,Unspecified,4
2003,I21,2,0 to 4,14
2003,I21,2,10 to 14,2
2003,I21,2,15 to 19,6
2003,I21,2,20 to 24,21
2003,I21,2,25 to 29,30
2003,I21,2,30 to 34,83
2003,I21,2,35 to 39,217
2003,I21,2,40 to 44,575
2003,I21,2,45 to 49,961
2003,I21,2,5 to 9,4
2003,I21,2,50 to 54,1474
2003,I21,2,55 to 59,2381
2003,I21,2,60 to 64,3411
2003,I21,2,65 to 69,4577
2003,I21,2,70 to 74,7056
2003,I21,2,75 to 79,10941
2003,I21,2,80 to 84,14816
2003,I21,2,85 to 89,16189
2003,I21,2,90 to 94,12091
2003,I21,2,95+,6198
2003,I21,2,Unspecified,1
2004,I21,1,0 to 4,12
2004,I21,1,10 to 14,2
2004,I21,1,15 to 19,5
2004,I21,1,20 to 24,33
2004,I21,1,25 to 29,80
2004,I21,1,30 to 34,241
2004,I21,1,35 to 39,598
2004,I21,1,40 to 44,1515
2004,I21,1,45 to 49,2985
2004,I21,1,5 to 9,2
2004,I21,1,50 to 54,4641
2004,I21,1,55 to 59,6105
2004,I21,1,60 to 64,7235
2004,I21,1,65 to 69,8016
2004,I21,1,70 to 74,9640
2004,I21,1,75 to 79,11986
2004,I21,1,80 to 84,12903
2004,I21,1,85 to 89,9983
2004,I21,1,90 to 94,5285
2004,I21,1,95+,1626
2004,I21,1,Unspecified,4
2004,I21,2,0 to 4,9
2004,I21,2,15 to 19,2
2004,I21,2,20 to 24,10
2004,I21,2,25 to 29,40
2004,I21,2,30 to 34,85
2004,I21,2,35 to 39,198
2004,I21,2,40 to 44,526
2004,I21,2,45 to 49,927
2004,I21,2,5 to 9,1
2004,I21,2,50 to 54,1524
2004,I21,2,55 to 59,2237
2004,I21,2,60 to 64,3177
2004,I21,2,65 to 69,4339
2004,I21,2,70 to 74,6326
2004,I21,2,75 to 79,9585
2004,I21,2,80 to 84,13556
2004,I21,2,85 to 89,14529
2004,I21,2,90 to 94,11236
2004,I21,2,95+,5590
2004,I21,2,Unspecified,2
2005,I21,1,0 to 4,13
2005,I21,1,10 to 14,1
2005,I21,1,15 to 19,11
2005,I21,1,20 to 24,43
2005,I21,1,25 to 29,98
2005,I21,1,30 to 34,199
2005,I21,1,35 to 39,533
2005,I21,1,40 to 44,1486
2005,I21,1,45 to 49,2938
2005,I21,1,5 to 9,2
2005,I21,1,50 to 54,4622
2005,I21,1,55 to 59,6080
2005,I21,1,60 to 64,7068
2005,I21,1,65 to 69,7519
2005,I21,1,70 to 74,9154
2005,I21,1,75 to 79,11274
2005,I21,1,80 to 84,12254
2005,I21,1,85 to 89,9774
2005,I21,1,90 to 94,5345
2005,I21,1,95+,1628
2005,I21,1,Unspecified,3
2005,I21,2,0 to 4,10
2005,I21,2,10 to 14,1
2005,I21,2,15 to 19,3
2005,I21,2,20 to 24,11
2005,I21,2,25 to 29,26
2005,I21,2,30 to 34,68
2005,I21,2,35 to 39,207
2005,I21,2,40 to 44,502
2005,I21,2,45 to 49,953
2005,I21,2,5 to 9,3
2005,I21,2,50 to 54,1552
2005,I21,2,55 to 59,2205
2005,I21,2,60 to 64,3193
2005,I21,2,65 to 69,4130
2005,I21,2,70 to 74,5862
2005,I21,2,75 to 79,8880
2005,I21,2,80 to 84,13019
2005,I21,2,85 to 89,13893
2005,I21,2,90 to 94,10808
2005,I21,2,95+,5564
2007,I21,1,0 to 4,9
2007,I21,1,10 to 14,5
2007,I21,1,15 to 19,10
2007,I21,1,20 to 24,23
2007,I21,1,25 to 29,90
2007,I21,1,30 to 34,205
2007,I21,1,35 to 39,494
2007,I21,1,40 to 44,1273
2007,I21,1,45 to 49,2725
2007,I21,1,50 to 54,4401
2007,I21,1,55 to 59,5916
2007,I21,1,60 to 64,6820
2007,I21,1,65 to 69,7034
2007,I21,1,70 to 74,7784
2007,I21,1,75 to 79,9273
2007,I21,1,80 to 84,10412
2007,I21,1,85 to 89,8895
2007,I21,1,90 to 94,4783
2007,I21,1,95+,1513
2007,I21,1,Unspecified,3
2007,I21,2,0 to 4,11
2007,I21,2,10 to 14,1
2007,I21,2,15 to 19,6
2007,I21,2,20 to 24,15
2007,I21,2,25 to 29,34
2007,I21,2,30 to 34,69
2007,I21,2,35 to 39,188
2007,I21,2,40 to 44,445
2007,I21,2,45 to 49,882
2007,I21,2,5 to 9,5
2007,I21,2,50 to 54,1456
2007,I21,2,55 to 59,2163
2007,I21,2,60 to 64,2924
2007,I21,2,65 to 69,3675
2007,I21,2,70 to 74,4937
2007,I21,2,75 to 79,7432
2007,I21,2,80 to 84,10495
2007,I21,2,85 to 89,12177
2007,I21,2,90 to 94,9268
2007,I21,2,95+,5030
2007,I21,2,Unspecified,1
1999,I25,1,0 to 4,12
1999,I25,1,10 to 14,1
1999,I25,1,15 to 19,14
1999,I25,1,20 to 24,29
1999,I25,1,25 to 29,100
1999,I25,1,30 to 34,329
1999,I25,1,35 to 39,1075
1999,I25,1,40 to 44,2359
1999,I25,1,45 to 49,4113
1999,I25,1,5 to 9,6
1999,I25,1,50 to 54,6459
1999,I25,1,55 to 59,8204
1999,I25,1,60 to 64,10558
1999,I25,1,65 to 69,14825
1999,I25,1,70 to 74,21209
1999,I25,1,75 to 79,26788
1999,I25,1,80 to 84,27085
1999,I25,1,85 to 89,21899
1999,I25,1,90 to 94,11814
1999,I25,1,95+,4335
1999,I25,1,Unspecified,29
1999,I25,2,0 to 4,11
1999,I25,2,15 to 19,7
1999,I25,2,20 to 24,16
1999,I25,2,25 to 29,39
1999,I25,2,30 to 34,103
1999,I25,2,35 to 39,351
1999,I25,2,40 to 44,630
1999,I25,2,45 to 49,1089
1999,I25,2,5 to 9,1
1999,I25,2,50 to 54,2023
1999,I25,2,55 to 59,3031
1999,I25,2,60 to 64,4702
1999,I25,2,65 to 69,7598
1999,I25,2,70 to 74,13023
1999,I25,2,75 to 79,21066
1999,I25,2,80 to 84,28645
1999,I25,2,85 to 89,34970
1999,I25,2,90 to 94,29836
1999,I25,2,95+,18081
1999,I25,2,Unspecified,3
2000,I25,1,0 to 4,15
2000,I25,1,10 to 14,2
2000,I25,1,15 to 19,10
2000,I25,1,20 to 24,33
2000,I25,1,25 to 29,102
2000,I25,1,30 to 34,319
2000,I25,1,35 to 39,980
2000,I25,1,40 to 44,2345
2000,I25,1,45 to 49,4205
2000,I25,1,5 to 9,2
2000,I25,1,50 to 54,6458
2000,I25,1,55 to 59,8496
2000,I25,1,60 to 64,10306
2000,I25,1,65 to 69,13844
2000,I25,1,70 to 74,20465
2000,I25,1,75 to 79,25904
2000,I25,1,80 to 84,26728
2000,I25,1,85 to 89,22081
2000,I25,1,90 to 94,11821
2000,I25,1,95+,4245
2000,I25,1,Unspecified,28
2000,I25,2,0 to 4,9
2000,I25,2,10 to 14,3
2000,I25,2,15 to 19,5
2000,I25,2,20 to 24,13
2000,I25,2,25 to 29,21
2000,I25,2,30 to 34,99
2000,I25,2,35 to 39,314
2000,I25,2,40 to 44,650
2000,I25,2,45 to 49,1109
2000,I25,2,5 to 9,1
2000,I25,2,50 to 54,1954
2000,I25,2,55 to 59,2969
2000,I25,2,60 to 64,4434
2000,I25,2,65 to 69,7201
2000,I25,2,70 to 74,12215
2000,I25,2,75 to 79,20114
2000,I25,2,80 to 84,27717
2000,I25,2,85 to 89,34362
2000,I25,2,90 to 94,29360
2000,I25,2,95+,17592
2000,I25,2,Unspecified,11
2001,I25,1,0 to 4,12
2001,I25,1,10 to 14,6
2001,I25,1,15 to 19,7
2001,I25,1,20 to 24,51
2001,I25,1,25 to 29,140
2001,I25,1,30 to 34,347
2001,I25,1,35 to 39,958
2001,I25,1,40 to 44,2304
2001,I25,1,45 to 49,4086
2001,I25,1,5 to 9,1
2001,I25,1,50 to 54,6654
2001,I25,1,55 to 59,8374
2001,I25,1,60 to 64,10431
2001,I25,1,65 to 69,13542
2001,I25,1,70 to 74,19141
2001,I25,1,75 to 79,25517
2001,I25,1,80 to 84,26843
2001,I25,1,85 to 89,21866
2001,I25,1,90 to 94,11837
2001,I25,1,95+,4107
2001,I25,1,Unspecified,27
2001,I25,2,0 to 4,12
2001,I25,2,10 to 14,2
2001,I25,2,15 to 19,4
2001,I25,2,20 to 24,21
2001,I25,2,25 to 29,32
2001,I25,2,30 to 34,108
2001,I25,2,35 to 39,298
2001,I25,2,40 to 44,696
2001,I25,2,45 to 49,1156
2001,I25,2,5 to 9,1
2001,I25,2,50 to 54,2035
2001,I25,2,55 to 59,2972
2001,I25,2,60 to 64,4470
2001,I25,2,65 to 69,6971
2001,I25,2,70 to 74,11733
2001,I25,2,75 to 79,19354
2001,I25,2,80 to 84,27903
2001,I25,2,85 to 89,33245
2001,I25,2,90 to 94,28824
2001,I25,2,95+,17599
2001,I25,2,Unspecified,11
2002,I25,1,0 to 4,10
2002,I25,1,10 to 14,9
2002,I25,1,15 to 19,8
2002,I25,1,20 to 24,42
2002,I25,1,25 to 29,122
2002,I25,1,30 to 34,314
2002,I25,1,35 to 39,1003
2002,I25,1,40 to 44,2436
2002,I25,1,45 to 49,4425
2002,I25,1,50 to 54,6875
2002,I25,1,55 to 59,8900
2002,I25,1,60 to 64,10452
2002,I25,1,65 to 69,13154
2002,I25,1,70 to 74,18306
2002,I25,1,75 to 79,24604
2002,I25,1,80 to 84,27234
2002,I25,1,85 to 89,22403
2002,I25,1,90 to 94,12359
2002,I25,1,95+,4359
2002,I25,1,Unspecified,23
2002,I25,2,0 to 4,11
2002,I25,2,10 to 14,1
2002,I25,2,15 to 19,1
2002,I25,2,20 to 24,11
2002,I25,2,25 to 29,34
2002,I25,2,30 to 34,105
2002,I25,2,35 to 39,307
2002,I25,2,40 to 44,694
2002,I25,2,45 to 49,1287
2002,I25,2,50 to 54,2009
2002,I25,2,55 to 59,3111
2002,I25,2,60 to 64,4375
2002,I25,2,65 to 69,6642
2002,I25,2,70 to 74,11087
2002,I25,2,75 to 79,18539
2002,I25,2,80 to 84,27410
2002,I25,2,85 to 89,32727
2002,I25,2,90 to 94,28460
2002,I25,2,95+,17229
2002,I25,2,Unspecified,9
2003,I25,1,0 to 4,13
2003,I25,1,10 to 14,2
2003,I25,1,15 to 19,9
2003,I25,1,20 to 24,45
2003,I25,1,25 to 29,120
2003,I25,1,30 to 34,386
2003,I25,1,35 to 39,943
2003,I25,1,40 to 44,2356
2003,I25,1,45 to 49,4451
2003,I25,1,5 to 9,2
2003,I25,1,50 to 54,6840
2003,I25,1,55 to 59,8814
2003,I25,1,60 to 64,10690
2003,I25,1,65 to 69,12837
2003,I25,1,70 to 74,17494
2003,I25,1,75 to 79,23635
2003,I25,1,80 to 84,27143
2003,I25,1,85 to 89,22510
2003,I25,1,90 to 94,12456
2003,I25,1,95+,4321
2003,I25,1,Unspecified,17
2003,I25,2,0 to 4,13
2003,I25,2,10 to 14,2
2003,I25,2,15 to 19,3
2003,I25,2,20 to 24,19
2003,I25,2,25 to 29,46
2003,I25,2,30 to 34,106
2003,I25,2,35 to 39,295
2003,I25,2,40 to 44,747
2003,I25,2,45 to 49,1333
2003,I25,2,5 to 9,3
2003,I25,2,50 to 54,2029
2003,I25,2,55 to 59,3119
2003,I25,2,60 to 64,4563
2003,I25,2,65 to 69,6425
2003,I25,2,70 to 74,10590
2003,I25,2,75 to 79,17738
2003,I25,2,80 to 84,26829
2003,I25,2,85 to 89,31924
2003,I25,2,90 to 94,28155
2003,I25,2,95+,16987
2003,I25,2,Unspecified,6
2004,I25,1,0 to 4,13
2004,I25,1,10 to 14,3
2004,I25,1,15 to 19,11
2004,I25,1,20 to 24,36
2004,I25,1,25 to 29,122
2004,I25,1,30 to 34,369
2004,I25,1,35 to 39,856
2004,I25,1,40 to 44,2338
2004,I25,1,45 to 49,4397
2004,I25,1,5 to 9,1
2004,I25,1,50 to 54,6801
2004,I25,1,55 to 59,8758
2004,I25,1,60 to 64,10503
2004,I25,1,65 to 69,12240
2004,I25,1,70 to 74,16101
2004,I25,1,75 to 79,22120
2004,I25,1,80 to 84,26221
2004,I25,1,85 to 89,21718
2004,I25,1,90 to 94,12276
2004,I25,1,95+,4328
2004,I25,1,Unspecified,18
2004,I25,2,0 to 4,11
2004,I25,2,10 to 14,4
2004,I25,2,15 to 19,2
2004,I25,2,20 to 24,14
2004,I25,2,25 to 29,41
2004,I25,2,30 to 34,95
2004,I25,2,35 to 39,310
2004,I25,2,40 to 44,710
2004,I25,2,45 to 49,1332
2004,I25,2,5 to 9,2
2004,I25,2,50 to 54,2082
2004,I25,2,55 to 59,3139
2004,I25,2,60 to 64,4464
2004,I25,2,65 to 69,6125
2004,I25,2,70 to 74,9884
2004,I25,2,75 to 79,16258
2004,I25,2,80 to 84,25762
2004,I25,2,85 to 89,29963
2004,I25,2,90 to 94,26464
2004,I25,2,95+,15922
2004,I25,2,Unspecified,1
2005,I25,1,0 to 4,8
2005,I25,1,10 to 14,3
2005,I25,1,15 to 19,10
2005,I25,1,20 to 24,49
2005,I25,1,25 to 29,125
2005,I25,1,30 to 34,339
2005,I25,1,35 to 39,885
2005,I25,1,40 to 44,2217
2005,I25,1,45 to 49,4329
2005,I25,1,5 to 9,2
2005,I25,1,50 to 54,7091
2005,I25,1,55 to 59,9221
2005,I25,1,60 to 64,10792
2005,I25,1,65 to 69,11920
2005,I25,1,70 to 74,15527
2005,I25,1,75 to 79,21355
2005,I25,1,80 to 84,25979
2005,I25,1,85 to 89,22616
2005,I25,1,90 to 94,13178
2005,I25,1,95+,4466
2005,I25,1,Unspecified,15
2005,I25,2,0 to 4,8
2005,I25,2,15 to 19,1
2005,I25,2,20 to 24,10
2005,I25,2,25 to 29,26
2005,I25,2,30 to 34,115
2005,I25,2,35 to 39,264
2005,I25,2,40 to 44,669
2005,I25,2,45 to 49,1299
2005,I25,2,50 to 54,2160
2005,I25,2,55 to 59,3221
2005,I25,2,60 to 64,4480
2005,I25,2,65 to 69,6104
2005,I25,2,70 to 74,9269
2005,I25,2,75 to 79,15757
2005,I25,2,80 to 84,24889
2005,I25,2,85 to 89,29655
2005,I25,2,90 to 94,26823
2005,I25,2,95+,15992
2005,I25,2,Unspecified,10
2007,I25,1,0 to 4,11
2007,I25,1,10 to 14,1
2007,I25,1,15 to 19,16
2007,I25,1,20 to 24,53
2007,I25,1,25 to 29,149
2007,I25,1,30 to 34,348
2007,I25,1,35 to 39,822
2007,I25,1,40 to 44,2064
2007,I25,1,45 to 49,4221
2007,I25,1,5 to 9,6
2007,I25,1,50 to 54,6896
2007,I25,1,55 to 59,9281
2007,I25,1,60 to 64,10952
2007,I25,1,65 to 69,11589
2007,I25,1,70 to 74,13869
2007,I25,1,75 to 79,18876
2007,I25,1,80 to 84,23607
2007,I25,1,85 to 89,22038
2007,I25,1,90 to 94,12772
2007,I25,1,95+,4513
2007,I25,1,Unspecified,12
2007,I25,2,0 to 4,11
2007,I25,2,10 to 14,2
2007,I25,2,15 to 19,6
2007,I25,2,20 to 24,15
2007,I25,2,25 to 29,48
2007,I25,2,30 to 34,85
2007,I25,2,35 to 39,244
2007,I25,2,40 to 44,573
2007,I25,2,45 to 49,1300
2007,I25,2,5 to 9,1
2007,I25,2,50 to 54,2115
2007,I25,2,55 to 59,3041
2007,I25,2,60 to 64,4361
2007,I25,2,65 to 69,5417
2007,I25,2,70 to 74,7947
2007,I25,2,75 to 79,13380
2007,I25,2,80 to 84,21600
2007,I25,2,85 to 89,27667
2007,I25,2,90 to 94,24114
2007,I25,2,95+,15084
2007,I25,2,Unspecified,5
1999,I50,1,0 to 4,19
1999,I50,1,10 to 14,3
1999,I50,1,15 to 19,12
1999,I50,1,20 to 24,11
1999,I50,1,25 to 29,13
1999,I50,1,30 to 34,19
1999,I50,1,35 to 39,52
1999,I50,1,40 to 44,111
1999,I50,1,45 to 49,186
1999,I50,1,5 to 9,3
1999,I50,1,50 to 54,300
1999,I50,1,55 to 59,506
1999,I50,1,60 to 64,722
1999,I50,1,65 to 69,1232
1999,I50,1,70 to 74,2294
1999,I50,1,75 to 79,3264
1999,I50,1,80 to 84,4054
1999,I50,1,85 to 89,4155
1999,I50,1,90 to 94,2636
1999,I50,1,95+,1168
1999,I50,1,Unspecified,1
1999,I50,2,0 to 4,16
1999,I50,2,10 to 14,4
1999,I50,2,15 to 19,2
1999,I50,2,20 to 24,6
1999,I50,2,25 to 29,13
1999,I50,2,30 to 34,19
1999,I50,2,35 to 39,36
1999,I50,2,40 to 44,72
1999,I50,2,45 to 49,112
1999,I50,2,5 to 9,2
1999,I50,2,50 to 54,184
1999,I50,2,55 to 59,347
1999,I50,2,60 to 64,532
1999,I50,2,65 to 69,1008
1999,I50,2,70 to 74,1990
1999,I50,2,75 to 79,3662
1999,I50,2,80 to 84,5791
1999,I50,2,85 to 89,8014
1999,I50,2,90 to 94,7561
1999,I50,2,95+,4793
2000,I50,1,0 to 4,36
2000,I50,1,10 to 14,5
2000,I50,1,15 to 19,11
2000,I50,1,20 to 24,9
2000,I50,1,25 to 29,15
2000,I50,1,30 to 34,21
2000,I50,1,35 to 39,40
2000,I50,1,40 to 44,118
2000,I50,1,45 to 49,191
2000,I50,1,5 to 9,4
2000,I50,1,50 to 54,305
2000,I50,1,55 to 59,479
2000,I50,1,60 to 64,785
2000,I50,1,65 to 69,1243
2000,I50,1,70 to 74,2171
2000,I50,1,75 to 79,3286
2000,I50,1,80 to 84,4212
2000,I50,1,85 to 89,4256
2000,I50,1,90 to 94,2819
2000,I50,1,95+,1173
2000,I50,1,Unspecified,2
2000,I50,2,0 to 4,18
2000,I50,2,10 to 14,6
2000,I50,2,15 to 19,9
2000,I50,2,20 to 24,4
2000,I50,2,25 to 29,12
2000,I50,2,30 to 34,15
2000,I50,2,35 to 39,37
2000,I50,2,40 to 44,66
2000,I50,2,45 to 49,92
2000,I50,2,5 to 9,6
2000,I50,2,50 to 54,223
2000,I50,2,55 to 59,349
2000,I50,2,60 to 64,598
2000,I50,2,65 to 69,1041
2000,I50,2,70 to 74,1948
2000,I50,2,75 to 79,3650
2000,I50,2,80 to 84,5672
2000,I50,2,85 to 89,8059
2000,I50,2,90 to 94,7724
2000,I50,2,95+,5004
2000,I50,2,Unspecified,2
2001,I50,1,0 to 4,28
2001,I50,1,10 to 14,3
2001,I50,1,15 to 19,11
2001,I50,1,20 to 24,5
2001,I50,1,25 to 29,24
2001,I50,1,30 to 34,31
2001,I50,1,35 to 39,76
2001,I50,1,40 to 44,106
2001,I50,1,45 to 49,227
2001,I50,1,5 to 9,5
2001,I50,1,50 to 54,361
2001,I50,1,55 to 59,556
2001,I50,1,60 to 64,791
2001,I50,1,65 to 69,1235
2001,I50,1,70 to 74,2109
2001,I50,1,75 to 79,3300
2001,I50,1,80 to 84,4372
2001,I50,1,85 to 89,4320
2001,I50,1,90 to 94,2886
2001,I50,1,95+,1192
2001,I50,2,0 to 4,27
2001,I50,2,10 to 14,4
2001,I50,2,15 to 19,8
2001,I50,2,20 to 24,10
2001,I50,2,25 to 29,16
2001,I50,2,30 to 34,20
2001,I50,2,35 to 39,39
2001,I50,2,40 to 44,85
2001,I50,2,45 to 49,126
2001,I50,2,5 to 9,3
2001,I50,2,50 to 54,240
2001,I50,2,55 to 59,370
2001,I50,2,60 to 64,657
2001,I50,2,65 to 69,1035
2001,I50,2,70 to 74,1895
2001,I50,2,75 to 79,3579
2001,I50,2,80 to 84,5883
2001,I50,2,85 to 89,8473
2001,I50,2,90 to 94,7849
2001,I50,2,95+,4988
2001,I50,2,Unspecified,1
2002,I50,1,0 to 4,20
2002,I50,1,10 to 14,4
2002,I50,1,15 to 19,6
2002,I50,1,20 to 24,9
2002,I50,1,25 to 29,22
2002,I50,1,30 to 34,38
2002,I50,1,35 to 39,56
2002,I50,1,40 to 44,117
2002,I50,1,45 to 49,210
2002,I50,1,5 to 9,1
2002,I50,1,50 to 54,407
2002,I50,1,55 to 59,526
2002,I50,1,60 to 64,819
2002,I50,1,65 to 69,1200
2002,I50,1,70 to 74,2054
2002,I50,1,75 to 79,3192
2002,I50,1,80 to 84,4381
2002,I50,1,85 to 89,4423
2002,I50,1,90 to 94,3000
2002,I50,1,95+,1213
2002,I50,2,0 to 4,15
2002,I50,2,10 to 14,3
2002,I50,2,15 to 19,4
2002,I50,2,20 to 24,8
2002,I50,2,25 to 29,10
2002,I50,2,30 to 34,30
2002,I50,2,35 to 39,46
2002,I50,2,40 to 44,63
2002,I50,2,45 to 49,145
2002,I50,2,5 to 9,2
2002,I50,2,50 to 54,231
2002,I50,2,55 to 59,380
2002,I50,2,60 to 64,617
2002,I50,2,65 to 69,992
2002,I50,2,70 to 74,1922
2002,I50,2,75 to 79,3411
2002,I50,2,80 to 84,5926
2002,I50,2,85 to 89,8197
2002,I50,2,90 to 94,7776
2002,I50,2,95+,5018
2003,I50,1,0 to 4,30
2003,I50,1,10 to 14,3
2003,I50,1,15 to 19,13
2003,I50,1,20 to 24,11
2003,I50,1,25 to 29,16
2003,I50,1,30 to 34,44
2003,I50,1,35 to 39,50
2003,I50,1,40 to 44,143
2003,I50,1,45 to 49,221
2003,I50,1,5 to 9,4
2003,I50,1,50 to 54,364
2003,I50,1,55 to 59,605
2003,I50,1,60 to 64,849
2003,I50,1,65 to 69,1281
2003,I50,1,70 to 74,2032
2003,I50,1,75 to 79,3262
2003,I50,1,80 to 84,4396
2003,I50,1,85 to 89,4668
2003,I50,1,90 to 94,3115
2003,I50,1,95+,1317
2003,I50,2,0 to 4,11
2003,I50,2,10 to 14,4
2003,I50,2,15 to 19,5
2003,I50,2,20 to 24,9
2003,I50,2,25 to 29,12
2003,I50,2,30 to 34,25
2003,I50,2,35 to 39,41
2003,I50,2,40 to 44,81
2003,I50,2,45 to 49,135
2003,I50,2,5 to 9,1
2003,I50,2,50 to 54,259
2003,I50,2,55 to 59,402
2003,I50,2,60 to 64,613
2003,I50,2,65 to 69,1021
2003,I50,2,70 to 74,1804
2003,I50,2,75 to 79,3435
2003,I50,2,80 to 84,6043
2003,I50,2,85 to 89,8176
2003,I50,2,90 to 94,7967
2003,I50,2,95+,4976
2004,I50,1,0 to 4,20
2004,I50,1,10 to 14,6
2004,I50,1,15 to 19,6
2004,I50,1,20 to 24,13
2004,I50,1,25 to 29,28
2004,I50,1,30 to 34,31
2004,I50,1,35 to 39,69
2004,I50,1,40 to 44,117
2004,I50,1,45 to 49,237
2004,I50,1,5 to 9,1
2004,I50,1,50 to 54,378
2004,I50,1,55 to 59,599
2004,I50,1,60 to 64,821
2004,I50,1,65 to 69,1223
2004,I50,1,70 to 74,1940
2004,I50,1,75 to 79,3198
2004,I50,1,80 to 84,4475
2004,I50,1,85 to 89,4707
2004,I50,1,90 to 94,3202
2004,I50,1,95+,1221
2004,I50,2,0 to 4,22
2004,I50,2,10 to 14,1
2004,I50,2,15 to 19,5
2004,I50,2,20 to 24,8
2004,I50,2,25 to 29,10
2004,I50,2,30 to 34,21
2004,I50,2,35 to 39,41
2004,I50,2,40 to 44,86
2004,I50,2,45 to 49,149
2004,I50,2,5 to 9,2
2004,I50,2,50 to 54,275
2004,I50,2,55 to 59,404
2004,I50,2,60 to 64,620
2004,I50,2,65 to 69,1003
2004,I50,2,70 to 74,1785
2004,I50,2,75 to 79,3376
2004,I50,2,80 to 84,5963
2004,I50,2,85 to 89,8169
2004,I50,2,90 to 94,7861
2004,I50,2,95+,5026
2004,I50,2,Unspecified,1
2005,I50,1,0 to 4,18
2005,I50,1,10 to 14,2
2005,I50,1,15 to 19,9
2005,I50,1,20 to 24,18
2005,I50,1,25 to 29,20
2005,I50,1,30 to 34,41
2005,I50,1,35 to 39,60
2005,I50,1,40 to 44,147
2005,I50,1,45 to 49,230
2005,I50,1,5 to 9,3
2005,I50,1,50 to 54,423
2005,I50,1,55 to 59,641
2005,I50,1,60 to 64,868
2005,I50,1,65 to 69,1163
2005,I50,1,70 to 74,1906
2005,I50,1,75 to 79,3184
2005,I50,1,80 to 84,4620
2005,I50,1,85 to 89,4843
2005,I50,1,90 to 94,3485
2005,I50,1,95+,1345
2005,I50,2,0 to 4,16
2005,I50,2,10 to 14,5
2005,I50,2,15 to 19,3
2005,I50,2,20 to 24,12
2005,I50,2,25 to 29,13
2005,I50,2,30 to 34,20
2005,I50,2,35 to 39,36
2005,I50,2,40 to 44,73
2005,I50,2,45 to 49,154
2005,I50,2,50 to 54,280
2005,I50,2,55 to 59,437
2005,I50,2,60 to 64,664
2005,I50,2,65 to 69,1013
2005,I50,2,70 to 74,1806
2005,I50,2,75 to 79,3396
2005,I50,2,80 to 84,6131
2005,I50,2,85 to 89,8337
2005,I50,2,90 to 94,8314
2005,I50,2,95+,5197
2007,I50,1,0 to 4,15
2007,I50,1,10 to 14,3
2007,I50,1,15 to 19,10
2007,I50,1,20 to 24,14
2007,I50,1,25 to 29,15
2007,I50,1,30 to 34,39
2007,I50,1,35 to 39,63
2007,I50,1,40 to 44,144
2007,I50,1,45 to 49,248
2007,I50,1,5 to 9,3
2007,I50,1,50 to 54,407
2007,I50,1,55 to 59,716
2007,I50,1,60 to 64,927
2007,I50,1,65 to 69,1312
2007,I50,1,70 to 74,1889
2007,I50,1,75 to 79,2926
2007,I50,1,80 to 84,4360
2007,I50,1,85 to 89,4916
2007,I50,1,90 to 94,3489
2007,I50,1,95+,1417
2007,I50,1,Unspecified,1
2007,I50,2,0 to 4,19
2007,I50,2,10 to 14,3
2007,I50,2,15 to 19,2
2007,I50,2,20 to 24,16
2007,I50,2,25 to 29,12
2007,I50,2,30 to 34,20
2007,I50,2,35 to 39,42
2007,I50,2,40 to 44,68
2007,I50,2,45 to 49,135
2007,I50,2,5 to 9,3
2007,I50,2,50 to 54,283
2007,I50,2,55 to 59,423
2007,I50,2,60 to 64,692
2007,I50,2,65 to 69,979
2007,I50,2,70 to 74,1569
2007,I50,2,75 to 79,3059
2007,I50,2,80 to 84,5590
2007,I50,2,85 to 89,7939
2007,I50,2,90 to 94,7735
2007,I50,2,95+,5062
1999,I64,1,0 to 4,3
1999,I64,1,10 to 14,1
1999,I64,1,15 to 19,3
1999,I64,1,20 to 24,5
1999,I64,1,25 to 29,11
1999,I64,1,30 to 34,23
1999,I64,1,35 to 39,42
1999,I64,1,40 to 44,146
1999,I64,1,45 to 49,312
1999,I64,1,50 to 54,514
1999,I64,1,55 to 59,830
1999,I64,1,60 to 64,1381
1999,I64,1,65 to 69,2273
1999,I64,1,70 to 74,4019
1999,I64,1,75 to 79,6202
1999,I64,1,80 to 84,7294
1999,I64,1,85 to 89,6361
1999,I64,1,90 to 94,3334
1999,I64,1,95+,1002
1999,I64,2,0 to 4,4
1999,I64,2,10 to 14,2
1999,I64,2,15 to 19,3
1999,I64,2,20 to 24,8
1999,I64,2,25 to 29,13
1999,I64,2,30 to 34,28
1999,I64,2,35 to 39,55
1999,I64,2,40 to 44,103
1999,I64,2,45 to 49,223
1999,I64,2,50 to 54,340
1999,I64,2,55 to 59,651
1999,I64,2,60 to 64,1019
1999,I64,2,65 to 69,2028
1999,I64,2,70 to 74,3934
1999,I64,2,75 to 79,7465
1999,I64,2,80 to 84,11304
1999,I64,2,85 to 89,14026
1999,I64,2,90 to 94,10920
1999,I64,2,95+,5168
1999,I64,2,Unspecified,1
2000,I64,1,0 to 4,3
2000,I64,1,10 to 14,2
2000,I64,1,15 to 19,4
2000,I64,1,20 to 24,3
2000,I64,1,25 to 29,16
2000,I64,1,30 to 34,32
2000,I64,1,35 to 39,64
2000,I64,1,40 to 44,141
2000,I64,1,45 to 49,303
2000,I64,1,50 to 54,562
2000,I64,1,55 to 59,835
2000,I64,1,60 to 64,1429
2000,I64,1,65 to 69,2243
2000,I64,1,70 to 74,3993
2000,I64,1,75 to 79,6032
2000,I64,1,80 to 84,7172
2000,I64,1,85 to 89,6240
2000,I64,1,90 to 94,3311
2000,I64,1,95+,1040
2000,I64,2,0 to 4,5
2000,I64,2,10 to 14,2
2000,I64,2,15 to 19,3
2000,I64,2,20 to 24,4
2000,I64,2,25 to 29,17
2000,I64,2,30 to 34,19
2000,I64,2,35 to 39,59
2000,I64,2,40 to 44,121
2000,I64,2,45 to 49,227
2000,I64,2,5 to 9,1
2000,I64,2,50 to 54,349
2000,I64,2,55 to 59,600
2000,I64,2,60 to 64,1058
2000,I64,2,65 to 69,2010
2000,I64,2,70 to 74,3962
2000,I64,2,75 to 79,7397
2000,I64,2,80 to 84,11236
2000,I64,2,85 to 89,13979
2000,I64,2,90 to 94,10785
2000,I64,2,95+,5120
2001,I64,1,0 to 4,1
2001,I64,1,10 to 14,3
2001,I64,1,15 to 19,3
2001,I64,1,20 to 24,5
2001,I64,1,25 to 29,7
2001,I64,1,30 to 34,16
2001,I64,1,35 to 39,60
2001,I64,1,40 to 44,151
2001,I64,1,45 to 49,304
2001,I64,1,5 to 9,1
2001,I64,1,50 to 54,562
2001,I64,1,55 to 59,866
2001,I64,1,60 to 64,1403
2001,I64,1,65 to 69,2178
2001,I64,1,70 to 74,3807
2001,I64,1,75 to 79,5762
2001,I64,1,80 to 84,7020
2001,I64,1,85 to 89,6289
2001,I64,1,90 to 94,3310
2001,I64,1,95+,1050
2001,I64,2,0 to 4,4
2001,I64,2,15 to 19,3
2001,I64,2,20 to 24,5
2001,I64,2,25 to 29,14
2001,I64,2,30 to 34,28
2001,I64,2,35 to 39,58
2001,I64,2,40 to 44,127
2001,I64,2,45 to 49,206
2001,I64,2,50 to 54,399
2001,I64,2,55 to 59,629
2001,I64,2,60 to 64,1039
2001,I64,2,65 to 69,1796
2001,I64,2,70 to 74,3722
2001,I64,2,75 to 79,7304
2001,I64,2,80 to 84,11279
2001,I64,2,85 to 89,13640
2001,I64,2,90 to 94,10557
2001,I64,2,95+,5062
2002,I64,1,0 to 4,5
2002,I64,1,10 to 14,1
2002,I64,1,15 to 19,2
2002,I64,1,20 to 24,6
2002,I64,1,25 to 29,14
2002,I64,1,30 to 34,19
2002,I64,1,35 to 39,78
2002,I64,1,40 to 44,142
2002,I64,1,45 to 49,339
2002,I64,1,5 to 9,1
2002,I64,1,50 to 54,562
2002,I64,1,55 to 59,961
2002,I64,1,60 to 64,1344
2002,I64,1,65 to 69,2110
2002,I64,1,70 to 74,3597
2002,I64,1,75 to 79,5525
2002,I64,1,80 to 84,6722
2002,I64,1,85 to 89,6259
2002,I64,1,90 to 94,3341
2002,I64,1,95+,1001
2002,I64,2,0 to 4,4
2002,I64,2,10 to 14,2
2002,I64,2,15 to 19,1
2002,I64,2,20 to 24,6
2002,I64,2,25 to 29,11
2002,I64,2,30 to 34,37
2002,I64,2,35 to 39,55
2002,I64,2,40 to 44,142
2002,I64,2,45 to 49,256
2002,I64,2,5 to 9,3
2002,I64,2,50 to 54,427
2002,I64,2,55 to 59,647
2002,I64,2,60 to 64,1031
2002,I64,2,65 to 69,1751
2002,I64,2,70 to 74,3590
2002,I64,2,75 to 79,6774
2002,I64,2,80 to 84,11242
2002,I64,2,85 to 89,13215
2002,I64,2,90 to 94,10581
2002,I64,2,95+,5074
2002,I64,2,Unspecified,1
2003,I64,1,0 to 4,7
2003,I64,1,10 to 14,1
2003,I64,1,15 to 19,8
2003,I64,1,20 to 24,6
2003,I64,1,25 to 29,14
2003,I64,1,30 to 34,46
2003,I64,1,35 to 39,72
2003,I64,1,40 to 44,199
2003,I64,1,45 to 49,309
2003,I64,1,50 to 54,569
2003,I64,1,55 to 59,924
2003,I64,1,60 to 64,1345
2003,I64,1,65 to 69,1952
2003,I64,1,70 to 74,3270
2003,I64,1,75 to 79,5324
2003,I64,1,80 to 84,6602
2003,I64,1,85 to 89,5810
2003,I64,1,90 to 94,3267
2003,I64,1,95+,1023
2003,I64,1,Unspecified,1
2003,I64,2,0 to 4,2
2003,I64,2,15 to 19,6
2003,I64,2,20 to 24,9
2003,I64,2,25 to 29,10
2003,I64,2,30 to 34,31
2003,I64,2,35 to 39,52
2003,I64,2,40 to 44,137
2003,I64,2,45 to 49,224
2003,I64,2,5 to 9,1
2003,I64,2,50 to 54,396
2003,I64,2,55 to 59,646
2003,I64,2,60 to 64,1020
2003,I64,2,65 to 69,1648
2003,I64,2,70 to 74,3178
2003,I64,2,75 to 79,6286
2003,I64,2,80 to 84,10483
2003,I64,2,85 to 89,12615
2003,I64,2,90 to 94,10016
2003,I64,2,95+,4963
2004,I64,1,0 to 4,3
2004,I64,1,10 to 14,4
2004,I64,1,15 to 19,5
2004,I64,1,20 to 24,8
2004,I64,1,25 to 29,11
2004,I64,1,30 to 34,22
2004,I64,1,35 to 39,65
2004,I64,1,40 to 44,167
2004,I64,1,45 to 49,323
2004,I64,1,5 to 9,3
2004,I64,1,50 to 54,585
2004,I64,1,55 to 59,803
2004,I64,1,60 to 64,1285
2004,I64,1,65 to 69,1927
2004,I64,1,70 to 74,3034
2004,I64,1,75 to 79,4712
2004,I64,1,80 to 84,6194
2004,I64,1,85 to 89,5353
2004,I64,1,90 to 94,2971
2004,I64,1,95+,957
2004,I64,1,Unspecified,1
2004,I64,2,0 to 4,2
2004,I64,2,10 to 14,1
2004,I64,2,15 to 19,2
2004,I64,2,20 to 24,4
2004,I64,2,25 to 29,11
2004,I64,2,30 to 34,37
2004,I64,2,35 to 39,53
2004,I64,2,40 to 44,132
2004,I64,2,45 to 49,243
2004,I64,2,5 to 9,2
2004,I64,2,50 to 54,380
2004,I64,2,55 to 59,619
2004,I64,2,60 to 64,974
2004,I64,2,65 to 69,1653
2004,I64,2,70 to 74,2933
2004,I64,2,75 to 79,5793
2004,I64,2,80 to 84,9823
2004,I64,2,85 to 89,11622
2004,I64,2,90 to 94,9358
2004,I64,2,95+,4406
2005,I64,1,0 to 4,3
2005,I64,1,10 to 14,1
2005,I64,1,15 to 19,2
2005,I64,1,20 to 24,2
2005,I64,1,25 to 29,17
2005,I64,1,30 to 34,20
2005,I64,1,35 to 39,55
2005,I64,1,40 to 44,163
2005,I64,1,45 to 49,324
2005,I64,1,5 to 9,3
2005,I64,1,50 to 54,644
2005,I64,1,55 to 59,882
2005,I64,1,60 to 64,1329
2005,I64,1,65 to 69,1862
2005,I64,1,70 to 74,2823
2005,I64,1,75 to 79,4521
2005,I64,1,80 to 84,5933
2005,I64,1,85 to 89,5471
2005,I64,1,90 to 94,3061
2005,I64,1,95+,846
2005,I64,1,Unspecified,1
2005,I64,2,0 to 4,5
2005,I64,2,10 to 14,2
2005,I64,2,15 to 19,3
2005,I64,2,20 to 24,5
2005,I64,2,25 to 29,13
2005,I64,2,30 to 34,20
2005,I64,2,35 to 39,54
2005,I64,2,40 to 44,129
2005,I64,2,45 to 49,247
2005,I64,2,5 to 9,5
2005,I64,2,50 to 54,400
2005,I64,2,55 to 59,603
2005,I64,2,60 to 64,922
2005,I64,2,65 to 69,1565
2005,I64,2,70 to 74,2739
2005,I64,2,75 to 79,5289
2005,I64,2,80 to 84,9398
2005,I64,2,85 to 89,11327
2005,I64,2,90 to 94,9210
2005,I64,2,95+,4517
2007,I64,1,0 to 4,2
2007,I64,1,15 to 19,3
2007,I64,1,20 to 24,16
2007,I64,1,25 to 29,11
2007,I64,1,30 to 34,23
2007,I64,1,35 to 39,62
2007,I64,1,40 to 44,160
2007,I64,1,45 to 49,340
2007,I64,1,5 to 9,2
2007,I64,1,50 to 54,648
2007,I64,1,55 to 59,1034
2007,I64,1,60 to 64,1373
2007,I64,1,65 to 69,1936
2007,I64,1,70 to 74,2687
2007,I64,1,75 to 79,4088
2007,I64,1,80 to 84,5299
2007,I64,1,85 to 89,5333
2007,I64,1,90 to 94,2833
2007,I64,1,95+,955
2007,I64,2,0 to 4,6
2007,I64,2,10 to 14,2
2007,I64,2,15 to 19,5
2007,I64,2,20 to 24,12
2007,I64,2,25 to 29,12
2007,I64,2,30 to 34,33
2007,I64,2,35 to 39,54
2007,I64,2,40 to 44,130
2007,I64,2,45 to 49,259
2007,I64,2,5 to 9,1
2007,I64,2,50 to 54,425
2007,I64,2,55 to 59,667
2007,I64,2,60 to 64,980
2007,I64,2,65 to 69,1613
2007,I64,2,70 to 74,2540
2007,I64,2,75 to 79,4785
2007,I64,2,80 to 84,8377
2007,I64,2,85 to 89,11231
2007,I64,2,90 to 94,8804
2007,I64,2,95+,4374
2007,I64,2,Unspecified,2
1999,J18,1,0 to 4,135
1999,J18,1,10 to 14,19
1999,J18,1,15 to 19,30
1999,J18,1,20 to 24,47
1999,J18,1,25 to 29,63
1999,J18,1,30 to 34,106
1999,J18,1,35 to 39,206
1999,J18,1,40 to 44,282
1999,J18,1,45 to 49,432
1999,J18,1,5 to 9,17
1999,J18,1,50 to 54,484
1999,J18,1,55 to 59,514
1999,J18,1,60 to 64,739
1999,J18,1,65 to 69,1228
1999,J18,1,70 to 74,2225
1999,J18,1,75 to 79,3649
1999,J18,1,80 to 84,4945
1999,J18,1,85 to 89,5079
1999,J18,1,90 to 94,3375
1999,J18,1,95+,1479
1999,J18,1,Unspecified,1
1999,J18,2,0 to 4,120
1999,J18,2,10 to 14,12
1999,J18,2,15 to 19,28
1999,J18,2,20 to 24,40
1999,J18,2,25 to 29,50
1999,J18,2,30 to 34,70
1999,J18,2,35 to 39,159
1999,J18,2,40 to 44,201
1999,J18,2,45 to 49,248
1999,J18,2,5 to 9,11
1999,J18,2,50 to 54,298
1999,J18,2,55 to 59,405
1999,J18,2,60 to 64,568
1999,J18,2,65 to 69,845
1999,J18,2,70 to 74,1746
1999,J18,2,75 to 79,3410
1999,J18,2,80 to 84,5448
1999,J18,2,85 to 89,7379
1999,J18,2,90 to 94,7011
1999,J18,2,95+,4673
2000,J18,1,0 to 4,137
2000,J18,1,10 to 14,16
2000,J18,1,15 to 19,27
2000,J18,1,20 to 24,57
2000,J18,1,25 to 29,71
2000,J18,1,30 to 34,104
2000,J18,1,35 to 39,168
2000,J18,1,40 to 44,344
2000,J18,1,45 to 49,389
2000,J18,1,5 to 9,18
2000,J18,1,50 to 54,500
2000,J18,1,55 to 59,585
2000,J18,1,60 to 64,823
2000,J18,1,65 to 69,1247
2000,J18,1,70 to 74,2244
2000,J18,1,75 to 79,3620
2000,J18,1,80 to 84,5134
2000,J18,1,85 to 89,5077
2000,J18,1,90 to 94,3421
2000,J18,1,95+,1519
2000,J18,1,Unspecified,2
2000,J18,2,0 to 4,124
2000,J18,2,10 to 14,12
2000,J18,2,15 to 19,23
2000,J18,2,20 to 24,46
2000,J18,2,25 to 29,42
2000,J18,2,30 to 34,81
2000,J18,2,35 to 39,157
2000,J18,2,40 to 44,196
2000,J18,2,45 to 49,251
2000,J18,2,5 to 9,15
2000,J18,2,50 to 54,319
2000,J18,2,55 to 59,389
2000,J18,2,60 to 64,583
2000,J18,2,65 to 69,931
2000,J18,2,70 to 74,1832
2000,J18,2,75 to 79,3461
2000,J18,2,80 to 84,5662
2000,J18,2,85 to 89,7483
2000,J18,2,90 to 94,7050
2000,J18,2,95+,4502
2000,J18,2,Unspecified,1
2001,J18,1,0 to 4,144
2001,J18,1,10 to 14,22
2001,J18,1,15 to 19,28
2001,J18,1,20 to 24,63
2001,J18,1,25 to 29,51
2001,J18,1,30 to 34,105
2001,J18,1,35 to 39,190
2001,J18,1,40 to 44,284
2001,J18,1,45 to 49,427
2001,J18,1,5 to 9,18
2001,J18,1,50 to 54,514
2001,J18,1,55 to 59,566
2001,J18,1,60 to 64,788
2001,J18,1,65 to 69,1168
2001,J18,1,70 to 74,2164
2001,J18,1,75 to 79,3615
2001,J18,1,80 to 84,4863
2001,J18,1,85 to 89,5014
2001,J18,1,90 to 94,3371
2001,J18,1,95+,1455
2001,J18,1,Unspecified,4
2001,J18,2,0 to 4,124
2001,J18,2,10 to 14,18
2001,J18,2,15 to 19,28
2001,J18,2,20 to 24,40
2001,J18,2,25 to 29,49
2001,J18,2,30 to 34,74
2001,J18,2,35 to 39,147
2001,J18,2,40 to 44,216
2001,J18,2,45 to 49,258
2001,J18,2,5 to 9,14
2001,J18,2,50 to 54,326
2001,J18,2,55 to 59,378
2001,J18,2,60 to 64,557
2001,J18,2,65 to 69,878
2001,J18,2,70 to 74,1760
2001,J18,2,75 to 79,3225
2001,J18,2,80 to 84,5468
2001,J18,2,85 to 89,7554
2001,J18,2,90 to 94,6731
2001,J18,2,95+,4372
2001,J18,2,Unspecified,1
2002,J18,1,0 to 4,140
2002,J18,1,10 to 14,17
2002,J18,1,15 to 19,33
2002,J18,1,20 to 24,48
2002,J18,1,25 to 29,51
2002,J18,1,30 to 34,106
2002,J18,1,35 to 39,170
2002,J18,1,40 to 44,296
2002,J18,1,45 to 49,444
2002,J18,1,5 to 9,11
2002,J18,1,50 to 54,534
2002,J18,1,55 to 59,627
2002,J18,1,60 to 64,880
2002,J18,1,65 to 69,1235
2002,J18,1,70 to 74,2198
2002,J18,1,75 to 79,3725
2002,J18,1,80 to 84,5287
2002,J18,1,85 to 89,5277
2002,J18,1,90 to 94,3620
2002,J18,1,95+,1501
2002,J18,1,Unspecified,2
2002,J18,2,0 to 4,96
2002,J18,2,10 to 14,19
2002,J18,2,15 to 19,27
2002,J18,2,20 to 24,32
2002,J18,2,25 to 29,54
2002,J18,2,30 to 34,70
2002,J18,2,35 to 39,144
2002,J18,2,40 to 44,201
2002,J18,2,45 to 49,306
2002,J18,2,5 to 9,17
2002,J18,2,50 to 54,341
2002,J18,2,55 to 59,449
2002,J18,2,60 to 64,628
2002,J18,2,65 to 69,907
2002,J18,2,70 to 74,1757
2002,J18,2,75 to 79,3472
2002,J18,2,80 to 84,5811
2002,J18,2,85 to 89,7710
2002,J18,2,90 to 94,7139
2002,J18,2,95+,4622
2002,J18,2,Unspecified,1
2003,J18,1,0 to 4,146
2003,J18,1,10 to 14,20
2003,J18,1,15 to 19,33
2003,J18,1,20 to 24,64
2003,J18,1,25 to 29,74
2003,J18,1,30 to 34,116
2003,J18,1,35 to 39,171
2003,J18,1,40 to 44,284
2003,J18,1,45 to 49,450
2003,J18,1,5 to 9,16
2003,J18,1,50 to 54,608
2003,J18,1,55 to 59,609
2003,J18,1,60 to 64,886
2003,J18,1,65 to 69,1291
2003,J18,1,70 to 74,2074
2003,J18,1,75 to 79,3602
2003,J18,1,80 to 84,5059
2003,J18,1,85 to 89,5062
2003,J18,1,90 to 94,3414
2003,J18,1,95+,1537
2003,J18,1,Unspecified,1
2003,J18,2,0 to 4,112
2003,J18,2,10 to 14,17
2003,J18,2,15 to 19,16
2003,J18,2,20 to 24,53
2003,J18,2,25 to 29,51
2003,J18,2,30 to 34,73
2003,J18,2,35 to 39,137
2003,J18,2,40 to 44,216
2003,J18,2,45 to 49,316
2003,J18,2,5 to 9,12
2003,J18,2,50 to 54,383
2003,J18,2,55 to 59,455
2003,J18,2,60 to 64,687
2003,J18,2,65 to 69,931
2003,J18,2,70 to 74,1637
2003,J18,2,75 to 79,3257
2003,J18,2,80 to 84,5574
2003,J18,2,85 to 89,7407
2003,J18,2,90 to 94,6878
2003,J18,2,95+,4552
2003,J18,2,Unspecified,1
2004,J18,1,0 to 4,126
2004,J18,1,10 to 14,16
2004,J18,1,15 to 19,39
2004,J18,1,20 to 24,67
2004,J18,1,25 to 29,57
2004,J18,1,30 to 34,101
2004,J18,1,35 to 39,158
2004,J18,1,40 to 44,268
2004,J18,1,45 to 49,391
2004,J18,1,5 to 9,13
2004,J18,1,50 to 54,571
2004,J18,1,55 to 59,677
2004,J18,1,60 to 64,904
2004,J18,1,65 to 69,1206
2004,J18,1,70 to 74,1979
2004,J18,1,75 to 79,3287
2004,J18,1,80 to 84,4840
2004,J18,1,85 to 89,4761
2004,J18,1,90 to 94,3214
2004,J18,1,95+,1433
2004,J18,2,0 to 4,110
2004,J18,2,10 to 14,13
2004,J18,2,15 to 19,18
2004,J18,2,20 to 24,35
2004,J18,2,25 to 29,29
2004,J18,2,30 to 34,63
2004,J18,2,35 to 39,95
2004,J18,2,40 to 44,219
2004,J18,2,45 to 49,276
2004,J18,2,5 to 9,8
2004,J18,2,50 to 54,346
2004,J18,2,55 to 59,473
2004,J18,2,60 to 64,623
2004,J18,2,65 to 69,863
2004,J18,2,70 to 74,1593
2004,J18,2,75 to 79,3010
2004,J18,2,80 to 84,5223
2004,J18,2,85 to 89,6587
2004,J18,2,90 to 94,6263
2004,J18,2,95+,3975
2005,J18,1,0 to 4,118
2005,J18,1,10 to 14,16
2005,J18,1,15 to 19,33
2005,J18,1,20 to 24,57
2005,J18,1,25 to 29,63
2005,J18,1,30 to 34,94
2005,J18,1,35 to 39,160
2005,J18,1,40 to 44,291
2005,J18,1,45 to 49,474
2005,J18,1,5 to 9,15
2005,J18,1,50 to 54,610
2005,J18,1,55 to 59,747
2005,J18,1,60 to 64,932
2005,J18,1,65 to 69,1200
2005,J18,1,70 to 74,1968
2005,J18,1,75 to 79,3309
2005,J18,1,80 to 84,4942
2005,J18,1,85 to 89,4869
2005,J18,1,90 to 94,3494
2005,J18,1,95+,1431
2005,J18,1,Unspecified,2
2005,J18,2,0 to 4,107
2005,J18,2,10 to 14,18
2005,J18,2,15 to 19,13
2005,J18,2,20 to 24,27
2005,J18,2,25 to 29,54
2005,J18,2,30 to 34,67
2005,J18,2,35 to 39,100
2005,J18,2,40 to 44,221
2005,J18,2,45 to 49,323
2005,J18,2,5 to 9,13
2005,J18,2,50 to 54,416
2005,J18,2,55 to 59,515
2005,J18,2,60 to 64,665
2005,J18,2,65 to 69,927
2005,J18,2,70 to 74,1643
2005,J18,2,75 to 79,3004
2005,J18,2,80 to 84,5382
2005,J18,2,85 to 89,7008
2005,J18,2,90 to 94,6555
2005,J18,2,95+,4257
2007,J18,1,0 to 4,115
2007,J18,1,10 to 14,13
2007,J18,1,15 to 19,15
2007,J18,1,20 to 24,61
2007,J18,1,25 to 29,77
2007,J18,1,30 to 34,84
2007,J18,1,35 to 39,140
2007,J18,1,40 to 44,251
2007,J18,1,45 to 49,409
2007,J18,1,5 to 9,11
2007,J18,1,50 to 54,604
2007,J18,1,55 to 59,728
2007,J18,1,60 to 64,927
2007,J18,1,65 to 69,1134
2007,J18,1,70 to 74,1660
2007,J18,1,75 to 79,2754
2007,J18,1,80 to 84,4194
2007,J18,1,85 to 89,4582
2007,J18,1,90 to 94,3189
2007,J18,1,95+,1388
2007,J18,1,Unspecified,3
2007,J18,2,0 to 4,92
2007,J18,2,10 to 14,14
2007,J18,2,15 to 19,16
2007,J18,2,20 to 24,32
2007,J18,2,25 to 29,52
2007,J18,2,30 to 34,64
2007,J18,2,35 to 39,108
2007,J18,2,40 to 44,180
2007,J18,2,45 to 49,299
2007,J18,2,5 to 9,11
2007,J18,2,50 to 54,389
2007,J18,2,55 to 59,490
2007,J18,2,60 to 64,642
2007,J18,2,65 to 69,883
2007,J18,2,70 to 74,1416
2007,J18,2,75 to 79,2595
2007,J18,2,80 to 84,4410
2007,J18,2,85 to 89,6037
2007,J18,2,90 to 94,5500
2007,J18,2,95+,3655
1999,J44,1,0 to 4,12
1999,J44,1,10 to 14,2
1999,J44,1,15 to 19,5
1999,J44,1,20 to 24,3
1999,J44,1,25 to 29,2
1999,J44,1,30 to 34,10
1999,J44,1,35 to 39,35
1999,J44,1,40 to 44,133
1999,J44,1,45 to 49,352
1999,J44,1,5 to 9,2
1999,J44,1,50 to 54,707
1999,J44,1,55 to 59,1621
1999,J44,1,60 to 64,2968
1999,J44,1,65 to 69,5244
1999,J44,1,70 to 74,8681
1999,J44,1,75 to 79,10701
1999,J44,1,80 to 84,9748
1999,J44,1,85 to 89,6763
1999,J44,1,90 to 94,2740
1999,J44,1,95+,760
1999,J44,1,Unspecified,3
1999,J44,2,0 to 4,10
1999,J44,2,15 to 19,4
1999,J44,2,20 to 24,5
1999,J44,2,25 to 29,10
1999,J44,2,30 to 34,16
1999,J44,2,35 to 39,31
1999,J44,2,40 to 44,122
1999,J44,2,45 to 49,250
1999,J44,2,5 to 9,3
1999,J44,2,50 to 54,655
1999,J44,2,55 to 59,1425
1999,J44,2,60 to 64,2511
1999,J44,2,65 to 69,4459
1999,J44,2,70 to 74,7486
1999,J44,2,75 to 79,9727
1999,J44,2,80 to 84,9822
1999,J44,2,85 to 89,7535
1999,J44,2,90 to 94,3711
1999,J44,2,95+,1321
1999,J44,2,Unspecified,1
2000,J44,1,0 to 4,9
2000,J44,1,10 to 14,1
2000,J44,1,15 to 19,2
2000,J44,1,20 to 24,6
2000,J44,1,25 to 29,2
2000,J44,1,30 to 34,7
2000,J44,1,35 to 39,44
2000,J44,1,40 to 44,132
2000,J44,1,45 to 49,369
2000,J44,1,50 to 54,746
2000,J44,1,55 to 59,1577
2000,J44,1,60 to 64,2784
2000,J44,1,65 to 69,4889
2000,J44,1,70 to 74,8190
2000,J44,1,75 to 79,10214
2000,J44,1,80 to 84,9728
2000,J44,1,85 to 89,6722
2000,J44,1,90 to 94,2744
2000,J44,1,95+,763
2000,J44,1,Unspecified,2
2000,J44,2,0 to 4,7
2000,J44,2,10 to 14,1
2000,J44,2,20 to 24,2
2000,J44,2,25 to 29,6
2000,J44,2,30 to 34,8
2000,J44,2,35 to 39,48
2000,J44,2,40 to 44,131
2000,J44,2,45 to 49,294
2000,J44,2,5 to 9,1
2000,J44,2,50 to 54,694
2000,J44,2,55 to 59,1404
2000,J44,2,60 to 64,2488
2000,J44,2,65 to 69,4508
2000,J44,2,70 to 74,7384
2000,J44,2,75 to 79,9820
2000,J44,2,80 to 84,9862
2000,J44,2,85 to 89,7744
2000,J44,2,90 to 94,3928
2000,J44,2,95+,1442
2001,J44,1,0 to 4,9
2001,J44,1,10 to 14,3
2001,J44,1,15 to 19,4
2001,J44,1,20 to 24,9
2001,J44,1,25 to 29,2
2001,J44,1,30 to 34,19
2001,J44,1,35 to 39,56
2001,J44,1,40 to 44,142
2001,J44,1,45 to 49,382
2001,J44,1,50 to 54,803
2001,J44,1,55 to 59,1652
2001,J44,1,60 to 64,2831
2001,J44,1,65 to 69,4893
2001,J44,1,70 to 74,8075
2001,J44,1,75 to 79,10391
2001,J44,1,80 to 84,9613
2001,J44,1,85 to 89,6680
2001,J44,1,90 to 94,2843
2001,J44,1,95+,735
2001,J44,1,Unspecified,1
2001,J44,2,0 to 4,7
2001,J44,2,15 to 19,4
2001,J44,2,20 to 24,4
2001,J44,2,25 to 29,3
2001,J44,2,30 to 34,11
2001,J44,2,35 to 39,53
2001,J44,2,40 to 44,157
2001,J44,2,45 to 49,296
2001,J44,2,5 to 9,1
2001,J44,2,50 to 54,723
2001,J44,2,55 to 59,1506
2001,J44,2,60 to 64,2666
2001,J44,2,65 to 69,4637
2001,J44,2,70 to 74,7399
2001,J44,2,75 to 79,9885
2001,J44,2,80 to 84,10101
2001,J44,2,85 to 89,8288
2001,J44,2,90 to 94,4102
2001,J44,2,95+,1588
2002,J44,1,0 to 4,11
2002,J44,1,10 to 14,1
2002,J44,1,15 to 19,2
2002,J44,1,20 to 24,3
2002,J44,1,25 to 29,5
2002,J44,1,30 to 34,18
2002,J44,1,35 to 39,42
2002,J44,1,40 to 44,173
2002,J44,1,45 to 49,393
2002,J44,1,5 to 9,2
2002,J44,1,50 to 54,865
2002,J44,1,55 to 59,1681
2002,J44,1,60 to 64,2920
2002,J44,1,65 to 69,4826
2002,J44,1,70 to 74,7855
2002,J44,1,75 to 79,10484
2002,J44,1,80 to 84,10225
2002,J44,1,85 to 89,7072
2002,J44,1,90 to 94,3023
2002,J44,1,95+,751
2002,J44,1,Unspecified,4
2002,J44,2,0 to 4,11
2002,J44,2,10 to 14,4
2002,J44,2,15 to 19,2
2002,J44,2,20 to 24,5
2002,J44,2,25 to 29,4
2002,J44,2,30 to 34,17
2002,J44,2,35 to 39,54
2002,J44,2,40 to 44,143
2002,J44,2,45 to 49,348
2002,J44,2,5 to 9,1
2002,J44,2,50 to 54,745
2002,J44,2,55 to 59,1562
2002,J44,2,60 to 64,2748
2002,J44,2,65 to 69,4545
2002,J44,2,70 to 74,7291
2002,J44,2,75 to 79,10093
2002,J44,2,80 to 84,10803
2002,J44,2,85 to 89,8400
2002,J44,2,90 to 94,4343
2002,J44,2,95+,1657
2002,J44,2,Unspecified,1
2003,J44,1,0 to 4,9
2003,J44,1,10 to 14,1
2003,J44,1,15 to 19,5
2003,J44,1,20 to 24,7
2003,J44,1,25 to 29,5
2003,J44,1,30 to 34,15
2003,J44,1,35 to 39,60
2003,J44,1,40 to 44,142
2003,J44,1,45 to 49,431
2003,J44,1,50 to 54,846
2003,J44,1,55 to 59,1779
2003,J44,1,60 to 64,3270
2003,J44,1,65 to 69,5066
2003,J44,1,70 to 74,7867
2003,J44,1,75 to 79,10432
2003,J44,1,80 to 84,10072
2003,J44,1,85 to 89,7095
2003,J44,1,90 to 94,3140
2003,J44,1,95+,817
2003,J44,2,0 to 4,5
2003,J44,2,15 to 19,3
2003,J44,2,20 to 24,4
2003,J44,2,25 to 29,6
2003,J44,2,30 to 34,8
2003,J44,2,35 to 39,55
2003,J44,2,40 to 44,162
2003,J44,2,45 to 49,338
2003,J44,2,5 to 9,1
2003,J44,2,50 to 54,779
2003,J44,2,55 to 59,1587
2003,J44,2,60 to 64,3013
2003,J44,2,65 to 69,4766
2003,J44,2,70 to 74,7375
2003,J44,2,75 to 79,10394
2003,J44,2,80 to 84,11074
2003,J44,2,85 to 89,8710
2003,J44,2,90 to 94,4604
2003,J44,2,95+,1696
2004,J44,1,0 to 4,8
2004,J44,1,10 to 14,2
2004,J44,1,15 to 19,2
2004,J44,1,25 to 29,9
2004,J44,1,30 to 34,18
2004,J44,1,35 to 39,49
2004,J44,1,40 to 44,164
2004,J44,1,45 to 49,389
2004,J44,1,5 to 9,4
2004,J44,1,50 to 54,922
2004,J44,1,55 to 59,1713
2004,J44,1,60 to 64,3193
2004,J44,1,65 to 69,4861
2004,J44,1,70 to 74,7315
2004,J44,1,75 to 79,10112
2004,J44,1,80 to 84,10046
2004,J44,1,85 to 89,7001
2004,J44,1,90 to 94,2948
2004,J44,1,95+,819
2004,J44,1,Unspecified,1
2004,J44,2,0 to 4,11
2004,J44,2,10 to 14,2
2004,J44,2,15 to 19,4
2004,J44,2,20 to 24,2
2004,J44,2,25 to 29,3
2004,J44,2,30 to 34,10
2004,J44,2,35 to 39,39
2004,J44,2,40 to 44,154
2004,J44,2,45 to 49,395
2004,J44,2,50 to 54,764
2004,J44,2,55 to 59,1596
2004,J44,2,60 to 64,3029
2004,J44,2,65 to 69,4554
2004,J44,2,70 to 74,7118
2004,J44,2,75 to 79,9924
2004,J44,2,80 to 84,10885
2004,J44,2,85 to 89,8552
2004,J44,2,90 to 94,4592
2004,J44,2,95+,1590
2005,J44,1,0 to 4,10
2005,J44,1,15 to 19,2
2005,J44,1,20 to 24,2
2005,J44,1,25 to 29,3
2005,J44,1,30 to 34,17
2005,J44,1,35 to 39,46
2005,J44,1,40 to 44,157
2005,J44,1,45 to 49,472
2005,J44,1,50 to 54,1039
2005,J44,1,55 to 59,1906
2005,J44,1,60 to 64,3477
2005,J44,1,65 to 69,5291
2005,J44,1,70 to 74,7835
2005,J44,1,75 to 79,10588
2005,J44,1,80 to 84,10709
2005,J44,1,85 to 89,7356
2005,J44,1,90 to 94,3413
2005,J44,1,95+,904
2005,J44,1,Unspecified,2
2005,J44,2,0 to 4,7
2005,J44,2,15 to 19,1
2005,J44,2,20 to 24,2
2005,J44,2,25 to 29,1
2005,J44,2,30 to 34,15
2005,J44,2,35 to 39,46
2005,J44,2,40 to 44,164
2005,J44,2,45 to 49,478
2005,J44,2,5 to 9,2
2005,J44,2,50 to 54,895
2005,J44,2,55 to 59,1808
2005,J44,2,60 to 64,3232
2005,J44,2,65 to 69,4855
2005,J44,2,70 to 74,7447
2005,J44,2,75 to 79,10542
2005,J44,2,80 to 84,11775
2005,J44,2,85 to 89,9472
2005,J44,2,90 to 94,5243
2005,J44,2,95+,1996
2005,J44,2,Unspecified,1
2007,J44,1,0 to 4,15
2007,J44,1,10 to 14,2
2007,J44,1,15 to 19,3
2007,J44,1,20 to 24,3
2007,J44,1,25 to 29,7
2007,J44,1,30 to 34,9
2007,J44,1,35 to 39,43
2007,J44,1,40 to 44,163
2007,J44,1,45 to 49,486
2007,J44,1,5 to 9,4
2007,J44,1,50 to 54,1105
2007,J44,1,55 to 59,2013
2007,J44,1,60 to 64,3586
2007,J44,1,65 to 69,5322
2007,J44,1,70 to 74,7356
2007,J44,1,75 to 79,9881
2007,J44,1,80 to 84,10750
2007,J44,1,85 to 89,7830
2007,J44,1,90 to 94,3359
2007,J44,1,95+,920
2007,J44,1,Unspecified,3
2007,J44,2,0 to 4,9
2007,J44,2,15 to 19,5
2007,J44,2,20 to 24,3
2007,J44,2,25 to 29,9
2007,J44,2,30 to 34,14
2007,J44,2,35 to 39,38
2007,J44,2,40 to 44,145
2007,J44,2,45 to 49,467
2007,J44,2,5 to 9,1
2007,J44,2,50 to 54,1028
2007,J44,2,55 to 59,1742
2007,J44,2,60 to 64,3290
2007,J44,2,65 to 69,4942
2007,J44,2,70 to 74,7098
2007,J44,2,75 to 79,10007
2007,J44,2,80 to 84,11462
2007,J44,2,85 to 89,9689
2007,J44,2,90 to 94,5301
2007,J44,2,95+,2011
